-- phpMyAdmin SQL Dump
-- version 4.6.5.2
-- https://www.phpmyadmin.net/
--
-- Host: 127.0.0.1
-- Generation Time: Aug 04, 2019 at 01:55 AM
-- Server version: 10.1.21-MariaDB
-- PHP Version: 7.1.1

SET SQL_MODE = "NO_AUTO_VALUE_ON_ZERO";
SET time_zone = "+00:00";


/*!40101 SET @OLD_CHARACTER_SET_CLIENT=@@CHARACTER_SET_CLIENT */;
/*!40101 SET @OLD_CHARACTER_SET_RESULTS=@@CHARACTER_SET_RESULTS */;
/*!40101 SET @OLD_COLLATION_CONNECTION=@@COLLATION_CONNECTION */;
/*!40101 SET NAMES utf8mb4 */;

--
-- Database: `yunetshop`
--

-- --------------------------------------------------------

--
-- Table structure for table `carts`
--

CREATE TABLE `carts` (
  `id` int(10) UNSIGNED NOT NULL,
  `created_at` timestamp NULL DEFAULT NULL,
  `updated_at` timestamp NULL DEFAULT NULL
) ENGINE=InnoDB DEFAULT CHARSET=utf8mb4 COLLATE=utf8mb4_unicode_ci;

-- --------------------------------------------------------

--
-- Table structure for table `categories`
--

CREATE TABLE `categories` (
  `id` int(10) UNSIGNED NOT NULL,
  `name` varchar(191) COLLATE utf8mb4_unicode_ci NOT NULL,
  `slug` varchar(191) COLLATE utf8mb4_unicode_ci NOT NULL,
  `created_at` timestamp NULL DEFAULT NULL,
  `updated_at` timestamp NULL DEFAULT NULL
) ENGINE=InnoDB DEFAULT CHARSET=utf8mb4 COLLATE=utf8mb4_unicode_ci;

-- --------------------------------------------------------

--
-- Table structure for table `city`
--

CREATE TABLE `city` (
  `id` int(10) UNSIGNED NOT NULL,
  `name` varchar(100) COLLATE utf8mb4_unicode_ci NOT NULL,
  `province_id` int(10) UNSIGNED NOT NULL,
  `created_at` timestamp NULL DEFAULT NULL,
  `updated_at` timestamp NULL DEFAULT NULL
) ENGINE=InnoDB DEFAULT CHARSET=utf8mb4 COLLATE=utf8mb4_unicode_ci;

--
-- Dumping data for table `city`
--

INSERT INTO `city` (`id`, `name`, `province_id`, `created_at`, `updated_at`) VALUES
(1, 'Aceh Barat', 21, '2019-08-03 01:16:37', '2019-08-03 01:16:37'),
(2, 'Aceh Barat Daya', 21, '2019-08-03 01:16:37', '2019-08-03 01:16:37'),
(3, 'Aceh Besar', 21, '2019-08-03 01:16:37', '2019-08-03 01:16:37'),
(4, 'Aceh Jaya', 21, '2019-08-03 01:16:38', '2019-08-03 01:16:38'),
(5, 'Aceh Selatan', 21, '2019-08-03 01:16:38', '2019-08-03 01:16:38'),
(6, 'Aceh Singkil', 21, '2019-08-03 01:16:38', '2019-08-03 01:16:38'),
(7, 'Aceh Tamiang', 21, '2019-08-03 01:16:38', '2019-08-03 01:16:38'),
(8, 'Aceh Tengah', 21, '2019-08-03 01:16:38', '2019-08-03 01:16:38'),
(9, 'Aceh Tenggara', 21, '2019-08-03 01:16:38', '2019-08-03 01:16:38'),
(10, 'Aceh Timur', 21, '2019-08-03 01:16:38', '2019-08-03 01:16:38'),
(11, 'Aceh Utara', 21, '2019-08-03 01:16:38', '2019-08-03 01:16:38'),
(12, 'Agam', 32, '2019-08-03 01:16:38', '2019-08-03 01:16:38'),
(13, 'Alor', 23, '2019-08-03 01:16:38', '2019-08-03 01:16:38'),
(14, 'Ambon', 19, '2019-08-03 01:16:38', '2019-08-03 01:16:38'),
(15, 'Asahan', 34, '2019-08-03 01:16:38', '2019-08-03 01:16:38'),
(16, 'Asmat', 24, '2019-08-03 01:16:38', '2019-08-03 01:16:38'),
(17, 'Badung', 1, '2019-08-03 01:16:38', '2019-08-03 01:16:38'),
(18, 'Balangan', 13, '2019-08-03 01:16:38', '2019-08-03 01:16:38'),
(19, 'Balikpapan', 15, '2019-08-03 01:16:38', '2019-08-03 01:16:38'),
(20, 'Banda Aceh', 21, '2019-08-03 01:16:39', '2019-08-03 01:16:39'),
(21, 'Bandar Lampung', 18, '2019-08-03 01:16:39', '2019-08-03 01:16:39'),
(22, 'Bandung', 9, '2019-08-03 01:16:39', '2019-08-03 01:16:39'),
(23, 'Bandung', 9, '2019-08-03 01:16:39', '2019-08-03 01:16:39'),
(24, 'Bandung Barat', 9, '2019-08-03 01:16:39', '2019-08-03 01:16:39'),
(25, 'Banggai', 29, '2019-08-03 01:16:39', '2019-08-03 01:16:39'),
(26, 'Banggai Kepulauan', 29, '2019-08-03 01:16:39', '2019-08-03 01:16:39'),
(27, 'Bangka', 2, '2019-08-03 01:16:39', '2019-08-03 01:16:39'),
(28, 'Bangka Barat', 2, '2019-08-03 01:16:39', '2019-08-03 01:16:39'),
(29, 'Bangka Selatan', 2, '2019-08-03 01:16:39', '2019-08-03 01:16:39'),
(30, 'Bangka Tengah', 2, '2019-08-03 01:16:39', '2019-08-03 01:16:39'),
(31, 'Bangkalan', 11, '2019-08-03 01:16:39', '2019-08-03 01:16:39'),
(32, 'Bangli', 1, '2019-08-03 01:16:40', '2019-08-03 01:16:40'),
(33, 'Banjar', 13, '2019-08-03 01:16:40', '2019-08-03 01:16:40'),
(34, 'Banjar', 9, '2019-08-03 01:16:40', '2019-08-03 01:16:40'),
(35, 'Banjarbaru', 13, '2019-08-03 01:16:40', '2019-08-03 01:16:40'),
(36, 'Banjarmasin', 13, '2019-08-03 01:16:40', '2019-08-03 01:16:40'),
(37, 'Banjarnegara', 10, '2019-08-03 01:16:40', '2019-08-03 01:16:40'),
(38, 'Bantaeng', 28, '2019-08-03 01:16:40', '2019-08-03 01:16:40'),
(39, 'Bantul', 5, '2019-08-03 01:16:40', '2019-08-03 01:16:40'),
(40, 'Banyuasin', 33, '2019-08-03 01:16:40', '2019-08-03 01:16:40'),
(41, 'Banyumas', 10, '2019-08-03 01:16:40', '2019-08-03 01:16:40'),
(42, 'Banyuwangi', 11, '2019-08-03 01:16:40', '2019-08-03 01:16:40'),
(43, 'Barito Kuala', 13, '2019-08-03 01:16:40', '2019-08-03 01:16:40'),
(44, 'Barito Selatan', 14, '2019-08-03 01:16:40', '2019-08-03 01:16:40'),
(45, 'Barito Timur', 14, '2019-08-03 01:16:41', '2019-08-03 01:16:41'),
(46, 'Barito Utara', 14, '2019-08-03 01:16:41', '2019-08-03 01:16:41'),
(47, 'Barru', 28, '2019-08-03 01:16:41', '2019-08-03 01:16:41'),
(48, 'Batam', 17, '2019-08-03 01:16:41', '2019-08-03 01:16:41'),
(49, 'Batang', 10, '2019-08-03 01:16:41', '2019-08-03 01:16:41'),
(50, 'Batang Hari', 8, '2019-08-03 01:16:41', '2019-08-03 01:16:41'),
(51, 'Batu', 11, '2019-08-03 01:16:41', '2019-08-03 01:16:41'),
(52, 'Batu Bara', 34, '2019-08-03 01:16:41', '2019-08-03 01:16:41'),
(53, 'Bau-Bau', 30, '2019-08-03 01:16:41', '2019-08-03 01:16:41'),
(54, 'Bekasi', 9, '2019-08-03 01:16:41', '2019-08-03 01:16:41'),
(55, 'Bekasi', 9, '2019-08-03 01:16:41', '2019-08-03 01:16:41'),
(56, 'Belitung', 2, '2019-08-03 01:16:41', '2019-08-03 01:16:41'),
(57, 'Belitung Timur', 2, '2019-08-03 01:16:41', '2019-08-03 01:16:41'),
(58, 'Belu', 23, '2019-08-03 01:16:41', '2019-08-03 01:16:41'),
(59, 'Bener Meriah', 21, '2019-08-03 01:16:41', '2019-08-03 01:16:41'),
(60, 'Bengkalis', 26, '2019-08-03 01:16:41', '2019-08-03 01:16:41'),
(61, 'Bengkayang', 12, '2019-08-03 01:16:41', '2019-08-03 01:16:41'),
(62, 'Bengkulu', 4, '2019-08-03 01:16:42', '2019-08-03 01:16:42'),
(63, 'Bengkulu Selatan', 4, '2019-08-03 01:16:42', '2019-08-03 01:16:42'),
(64, 'Bengkulu Tengah', 4, '2019-08-03 01:16:42', '2019-08-03 01:16:42'),
(65, 'Bengkulu Utara', 4, '2019-08-03 01:16:42', '2019-08-03 01:16:42'),
(66, 'Berau', 15, '2019-08-03 01:16:42', '2019-08-03 01:16:42'),
(67, 'Biak Numfor', 24, '2019-08-03 01:16:42', '2019-08-03 01:16:42'),
(68, 'Bima', 22, '2019-08-03 01:16:42', '2019-08-03 01:16:42'),
(69, 'Bima', 22, '2019-08-03 01:16:42', '2019-08-03 01:16:42'),
(70, 'Binjai', 34, '2019-08-03 01:16:42', '2019-08-03 01:16:42'),
(71, 'Bintan', 17, '2019-08-03 01:16:42', '2019-08-03 01:16:42'),
(72, 'Bireuen', 21, '2019-08-03 01:16:42', '2019-08-03 01:16:42'),
(73, 'Bitung', 31, '2019-08-03 01:16:42', '2019-08-03 01:16:42'),
(74, 'Blitar', 11, '2019-08-03 01:16:42', '2019-08-03 01:16:42'),
(75, 'Blitar', 11, '2019-08-03 01:16:42', '2019-08-03 01:16:42'),
(76, 'Blora', 10, '2019-08-03 01:16:42', '2019-08-03 01:16:42'),
(77, 'Boalemo', 7, '2019-08-03 01:16:42', '2019-08-03 01:16:42'),
(78, 'Bogor', 9, '2019-08-03 01:16:42', '2019-08-03 01:16:42'),
(79, 'Bogor', 9, '2019-08-03 01:16:43', '2019-08-03 01:16:43'),
(80, 'Bojonegoro', 11, '2019-08-03 01:16:43', '2019-08-03 01:16:43'),
(81, 'Bolaang Mongondow (Bolmong)', 31, '2019-08-03 01:16:43', '2019-08-03 01:16:43'),
(82, 'Bolaang Mongondow Selatan', 31, '2019-08-03 01:16:43', '2019-08-03 01:16:43'),
(83, 'Bolaang Mongondow Timur', 31, '2019-08-03 01:16:43', '2019-08-03 01:16:43'),
(84, 'Bolaang Mongondow Utara', 31, '2019-08-03 01:16:43', '2019-08-03 01:16:43'),
(85, 'Bombana', 30, '2019-08-03 01:16:43', '2019-08-03 01:16:43'),
(86, 'Bondowoso', 11, '2019-08-03 01:16:43', '2019-08-03 01:16:43'),
(87, 'Bone', 28, '2019-08-03 01:16:43', '2019-08-03 01:16:43'),
(88, 'Bone Bolango', 7, '2019-08-03 01:16:43', '2019-08-03 01:16:43'),
(89, 'Bontang', 15, '2019-08-03 01:16:43', '2019-08-03 01:16:43'),
(90, 'Boven Digoel', 24, '2019-08-03 01:16:43', '2019-08-03 01:16:43'),
(91, 'Boyolali', 10, '2019-08-03 01:16:43', '2019-08-03 01:16:43'),
(92, 'Brebes', 10, '2019-08-03 01:16:43', '2019-08-03 01:16:43'),
(93, 'Bukittinggi', 32, '2019-08-03 01:16:43', '2019-08-03 01:16:43'),
(94, 'Buleleng', 1, '2019-08-03 01:16:43', '2019-08-03 01:16:43'),
(95, 'Bulukumba', 28, '2019-08-03 01:16:43', '2019-08-03 01:16:43'),
(96, 'Bulungan (Bulongan)', 16, '2019-08-03 01:16:43', '2019-08-03 01:16:43'),
(97, 'Bungo', 8, '2019-08-03 01:16:44', '2019-08-03 01:16:44'),
(98, 'Buol', 29, '2019-08-03 01:16:44', '2019-08-03 01:16:44'),
(99, 'Buru', 19, '2019-08-03 01:16:44', '2019-08-03 01:16:44'),
(100, 'Buru Selatan', 19, '2019-08-03 01:16:44', '2019-08-03 01:16:44'),
(101, 'Buton', 30, '2019-08-03 01:16:44', '2019-08-03 01:16:44'),
(102, 'Buton Utara', 30, '2019-08-03 01:16:44', '2019-08-03 01:16:44'),
(103, 'Ciamis', 9, '2019-08-03 01:16:44', '2019-08-03 01:16:44'),
(104, 'Cianjur', 9, '2019-08-03 01:16:44', '2019-08-03 01:16:44'),
(105, 'Cilacap', 10, '2019-08-03 01:16:44', '2019-08-03 01:16:44'),
(106, 'Cilegon', 3, '2019-08-03 01:16:44', '2019-08-03 01:16:44'),
(107, 'Cimahi', 9, '2019-08-03 01:16:44', '2019-08-03 01:16:44'),
(108, 'Cirebon', 9, '2019-08-03 01:16:44', '2019-08-03 01:16:44'),
(109, 'Cirebon', 9, '2019-08-03 01:16:44', '2019-08-03 01:16:44'),
(110, 'Dairi', 34, '2019-08-03 01:16:44', '2019-08-03 01:16:44'),
(111, 'Deiyai (Deliyai)', 24, '2019-08-03 01:16:44', '2019-08-03 01:16:44'),
(112, 'Deli Serdang', 34, '2019-08-03 01:16:44', '2019-08-03 01:16:44'),
(113, 'Demak', 10, '2019-08-03 01:16:44', '2019-08-03 01:16:44'),
(114, 'Denpasar', 1, '2019-08-03 01:16:44', '2019-08-03 01:16:44'),
(115, 'Depok', 9, '2019-08-03 01:16:44', '2019-08-03 01:16:44'),
(116, 'Dharmasraya', 32, '2019-08-03 01:16:45', '2019-08-03 01:16:45'),
(117, 'Dogiyai', 24, '2019-08-03 01:16:45', '2019-08-03 01:16:45'),
(118, 'Dompu', 22, '2019-08-03 01:16:45', '2019-08-03 01:16:45'),
(119, 'Donggala', 29, '2019-08-03 01:16:45', '2019-08-03 01:16:45'),
(120, 'Dumai', 26, '2019-08-03 01:16:45', '2019-08-03 01:16:45'),
(121, 'Empat Lawang', 33, '2019-08-03 01:16:45', '2019-08-03 01:16:45'),
(122, 'Ende', 23, '2019-08-03 01:16:45', '2019-08-03 01:16:45'),
(123, 'Enrekang', 28, '2019-08-03 01:16:45', '2019-08-03 01:16:45'),
(124, 'Fakfak', 25, '2019-08-03 01:16:45', '2019-08-03 01:16:45'),
(125, 'Flores Timur', 23, '2019-08-03 01:16:45', '2019-08-03 01:16:45'),
(126, 'Garut', 9, '2019-08-03 01:16:45', '2019-08-03 01:16:45'),
(127, 'Gayo Lues', 21, '2019-08-03 01:16:45', '2019-08-03 01:16:45'),
(128, 'Gianyar', 1, '2019-08-03 01:16:45', '2019-08-03 01:16:45'),
(129, 'Gorontalo', 7, '2019-08-03 01:16:45', '2019-08-03 01:16:45'),
(130, 'Gorontalo', 7, '2019-08-03 01:16:45', '2019-08-03 01:16:45'),
(131, 'Gorontalo Utara', 7, '2019-08-03 01:16:45', '2019-08-03 01:16:45'),
(132, 'Gowa', 28, '2019-08-03 01:16:45', '2019-08-03 01:16:45'),
(133, 'Gresik', 11, '2019-08-03 01:16:45', '2019-08-03 01:16:45'),
(134, 'Grobogan', 10, '2019-08-03 01:16:46', '2019-08-03 01:16:46'),
(135, 'Gunung Kidul', 5, '2019-08-03 01:16:46', '2019-08-03 01:16:46'),
(136, 'Gunung Mas', 14, '2019-08-03 01:16:46', '2019-08-03 01:16:46'),
(137, 'Gunungsitoli', 34, '2019-08-03 01:16:46', '2019-08-03 01:16:46'),
(138, 'Halmahera Barat', 20, '2019-08-03 01:16:46', '2019-08-03 01:16:46'),
(139, 'Halmahera Selatan', 20, '2019-08-03 01:16:46', '2019-08-03 01:16:46'),
(140, 'Halmahera Tengah', 20, '2019-08-03 01:16:46', '2019-08-03 01:16:46'),
(141, 'Halmahera Timur', 20, '2019-08-03 01:16:46', '2019-08-03 01:16:46'),
(142, 'Halmahera Utara', 20, '2019-08-03 01:16:46', '2019-08-03 01:16:46'),
(143, 'Hulu Sungai Selatan', 13, '2019-08-03 01:16:46', '2019-08-03 01:16:46'),
(144, 'Hulu Sungai Tengah', 13, '2019-08-03 01:16:46', '2019-08-03 01:16:46'),
(145, 'Hulu Sungai Utara', 13, '2019-08-03 01:16:46', '2019-08-03 01:16:46'),
(146, 'Humbang Hasundutan', 34, '2019-08-03 01:16:46', '2019-08-03 01:16:46'),
(147, 'Indragiri Hilir', 26, '2019-08-03 01:16:46', '2019-08-03 01:16:46'),
(148, 'Indragiri Hulu', 26, '2019-08-03 01:16:46', '2019-08-03 01:16:46'),
(149, 'Indramayu', 9, '2019-08-03 01:16:46', '2019-08-03 01:16:46'),
(150, 'Intan Jaya', 24, '2019-08-03 01:16:46', '2019-08-03 01:16:46'),
(151, 'Jakarta Barat', 6, '2019-08-03 01:16:46', '2019-08-03 01:16:46'),
(152, 'Jakarta Pusat', 6, '2019-08-03 01:16:46', '2019-08-03 01:16:46'),
(153, 'Jakarta Selatan', 6, '2019-08-03 01:16:47', '2019-08-03 01:16:47'),
(154, 'Jakarta Timur', 6, '2019-08-03 01:16:47', '2019-08-03 01:16:47'),
(155, 'Jakarta Utara', 6, '2019-08-03 01:16:47', '2019-08-03 01:16:47'),
(156, 'Jambi', 8, '2019-08-03 01:16:47', '2019-08-03 01:16:47'),
(157, 'Jayapura', 24, '2019-08-03 01:16:47', '2019-08-03 01:16:47'),
(158, 'Jayapura', 24, '2019-08-03 01:16:47', '2019-08-03 01:16:47'),
(159, 'Jayawijaya', 24, '2019-08-03 01:16:47', '2019-08-03 01:16:47'),
(160, 'Jember', 11, '2019-08-03 01:16:47', '2019-08-03 01:16:47'),
(161, 'Jembrana', 1, '2019-08-03 01:16:47', '2019-08-03 01:16:47'),
(162, 'Jeneponto', 28, '2019-08-03 01:16:47', '2019-08-03 01:16:47'),
(163, 'Jepara', 10, '2019-08-03 01:16:47', '2019-08-03 01:16:47'),
(164, 'Jombang', 11, '2019-08-03 01:16:47', '2019-08-03 01:16:47'),
(165, 'Kaimana', 25, '2019-08-03 01:16:47', '2019-08-03 01:16:47'),
(166, 'Kampar', 26, '2019-08-03 01:16:47', '2019-08-03 01:16:47'),
(167, 'Kapuas', 14, '2019-08-03 01:16:47', '2019-08-03 01:16:47'),
(168, 'Kapuas Hulu', 12, '2019-08-03 01:16:47', '2019-08-03 01:16:47'),
(169, 'Karanganyar', 10, '2019-08-03 01:16:47', '2019-08-03 01:16:47'),
(170, 'Karangasem', 1, '2019-08-03 01:16:47', '2019-08-03 01:16:47'),
(171, 'Karawang', 9, '2019-08-03 01:16:47', '2019-08-03 01:16:47'),
(172, 'Karimun', 17, '2019-08-03 01:16:47', '2019-08-03 01:16:47'),
(173, 'Karo', 34, '2019-08-03 01:16:48', '2019-08-03 01:16:48'),
(174, 'Katingan', 14, '2019-08-03 01:16:48', '2019-08-03 01:16:48'),
(175, 'Kaur', 4, '2019-08-03 01:16:48', '2019-08-03 01:16:48'),
(176, 'Kayong Utara', 12, '2019-08-03 01:16:48', '2019-08-03 01:16:48'),
(177, 'Kebumen', 10, '2019-08-03 01:16:48', '2019-08-03 01:16:48'),
(178, 'Kediri', 11, '2019-08-03 01:16:48', '2019-08-03 01:16:48'),
(179, 'Kediri', 11, '2019-08-03 01:16:48', '2019-08-03 01:16:48'),
(180, 'Keerom', 24, '2019-08-03 01:16:48', '2019-08-03 01:16:48'),
(181, 'Kendal', 10, '2019-08-03 01:16:48', '2019-08-03 01:16:48'),
(182, 'Kendari', 30, '2019-08-03 01:16:48', '2019-08-03 01:16:48'),
(183, 'Kepahiang', 4, '2019-08-03 01:16:48', '2019-08-03 01:16:48'),
(184, 'Kepulauan Anambas', 17, '2019-08-03 01:16:48', '2019-08-03 01:16:48'),
(185, 'Kepulauan Aru', 19, '2019-08-03 01:16:48', '2019-08-03 01:16:48'),
(186, 'Kepulauan Mentawai', 32, '2019-08-03 01:16:48', '2019-08-03 01:16:48'),
(187, 'Kepulauan Meranti', 26, '2019-08-03 01:16:48', '2019-08-03 01:16:48'),
(188, 'Kepulauan Sangihe', 31, '2019-08-03 01:16:48', '2019-08-03 01:16:48'),
(189, 'Kepulauan Seribu', 6, '2019-08-03 01:16:48', '2019-08-03 01:16:48'),
(190, 'Kepulauan Siau Tagulandang Biaro (Sitaro)', 31, '2019-08-03 01:16:49', '2019-08-03 01:16:49'),
(191, 'Kepulauan Sula', 20, '2019-08-03 01:16:49', '2019-08-03 01:16:49'),
(192, 'Kepulauan Talaud', 31, '2019-08-03 01:16:49', '2019-08-03 01:16:49'),
(193, 'Kepulauan Yapen (Yapen Waropen)', 24, '2019-08-03 01:16:49', '2019-08-03 01:16:49'),
(194, 'Kerinci', 8, '2019-08-03 01:16:49', '2019-08-03 01:16:49'),
(195, 'Ketapang', 12, '2019-08-03 01:16:49', '2019-08-03 01:16:49'),
(196, 'Klaten', 10, '2019-08-03 01:16:49', '2019-08-03 01:16:49'),
(197, 'Klungkung', 1, '2019-08-03 01:16:49', '2019-08-03 01:16:49'),
(198, 'Kolaka', 30, '2019-08-03 01:16:49', '2019-08-03 01:16:49'),
(199, 'Kolaka Utara', 30, '2019-08-03 01:16:49', '2019-08-03 01:16:49'),
(200, 'Konawe', 30, '2019-08-03 01:16:49', '2019-08-03 01:16:49'),
(201, 'Konawe Selatan', 30, '2019-08-03 01:16:49', '2019-08-03 01:16:49'),
(202, 'Konawe Utara', 30, '2019-08-03 01:16:49', '2019-08-03 01:16:49'),
(203, 'Kotabaru', 13, '2019-08-03 01:16:49', '2019-08-03 01:16:49'),
(204, 'Kotamobagu', 31, '2019-08-03 01:16:50', '2019-08-03 01:16:50'),
(205, 'Kotawaringin Barat', 14, '2019-08-03 01:16:50', '2019-08-03 01:16:50'),
(206, 'Kotawaringin Timur', 14, '2019-08-03 01:16:50', '2019-08-03 01:16:50'),
(207, 'Kuantan Singingi', 26, '2019-08-03 01:16:50', '2019-08-03 01:16:50'),
(208, 'Kubu Raya', 12, '2019-08-03 01:16:50', '2019-08-03 01:16:50'),
(209, 'Kudus', 10, '2019-08-03 01:16:50', '2019-08-03 01:16:50'),
(210, 'Kulon Progo', 5, '2019-08-03 01:16:50', '2019-08-03 01:16:50'),
(211, 'Kuningan', 9, '2019-08-03 01:16:50', '2019-08-03 01:16:50'),
(212, 'Kupang', 23, '2019-08-03 01:16:50', '2019-08-03 01:16:50'),
(213, 'Kupang', 23, '2019-08-03 01:16:50', '2019-08-03 01:16:50'),
(214, 'Kutai Barat', 15, '2019-08-03 01:16:50', '2019-08-03 01:16:50'),
(215, 'Kutai Kartanegara', 15, '2019-08-03 01:16:50', '2019-08-03 01:16:50'),
(216, 'Kutai Timur', 15, '2019-08-03 01:16:50', '2019-08-03 01:16:50'),
(217, 'Labuhan Batu', 34, '2019-08-03 01:16:50', '2019-08-03 01:16:50'),
(218, 'Labuhan Batu Selatan', 34, '2019-08-03 01:16:50', '2019-08-03 01:16:50'),
(219, 'Labuhan Batu Utara', 34, '2019-08-03 01:16:51', '2019-08-03 01:16:51'),
(220, 'Lahat', 33, '2019-08-03 01:16:51', '2019-08-03 01:16:51'),
(221, 'Lamandau', 14, '2019-08-03 01:16:51', '2019-08-03 01:16:51'),
(222, 'Lamongan', 11, '2019-08-03 01:16:51', '2019-08-03 01:16:51'),
(223, 'Lampung Barat', 18, '2019-08-03 01:16:51', '2019-08-03 01:16:51'),
(224, 'Lampung Selatan', 18, '2019-08-03 01:16:51', '2019-08-03 01:16:51'),
(225, 'Lampung Tengah', 18, '2019-08-03 01:16:51', '2019-08-03 01:16:51'),
(226, 'Lampung Timur', 18, '2019-08-03 01:16:51', '2019-08-03 01:16:51'),
(227, 'Lampung Utara', 18, '2019-08-03 01:16:51', '2019-08-03 01:16:51'),
(228, 'Landak', 12, '2019-08-03 01:16:51', '2019-08-03 01:16:51'),
(229, 'Langkat', 34, '2019-08-03 01:16:51', '2019-08-03 01:16:51'),
(230, 'Langsa', 21, '2019-08-03 01:16:51', '2019-08-03 01:16:51'),
(231, 'Lanny Jaya', 24, '2019-08-03 01:16:51', '2019-08-03 01:16:51'),
(232, 'Lebak', 3, '2019-08-03 01:16:51', '2019-08-03 01:16:51'),
(233, 'Lebong', 4, '2019-08-03 01:16:51', '2019-08-03 01:16:51'),
(234, 'Lembata', 23, '2019-08-03 01:16:51', '2019-08-03 01:16:51'),
(235, 'Lhokseumawe', 21, '2019-08-03 01:16:51', '2019-08-03 01:16:51'),
(236, 'Lima Puluh Koto/Kota', 32, '2019-08-03 01:16:51', '2019-08-03 01:16:51'),
(237, 'Lingga', 17, '2019-08-03 01:16:51', '2019-08-03 01:16:51'),
(238, 'Lombok Barat', 22, '2019-08-03 01:16:52', '2019-08-03 01:16:52'),
(239, 'Lombok Tengah', 22, '2019-08-03 01:16:52', '2019-08-03 01:16:52'),
(240, 'Lombok Timur', 22, '2019-08-03 01:16:52', '2019-08-03 01:16:52'),
(241, 'Lombok Utara', 22, '2019-08-03 01:16:52', '2019-08-03 01:16:52'),
(242, 'Lubuk Linggau', 33, '2019-08-03 01:16:52', '2019-08-03 01:16:52'),
(243, 'Lumajang', 11, '2019-08-03 01:16:52', '2019-08-03 01:16:52'),
(244, 'Luwu', 28, '2019-08-03 01:16:52', '2019-08-03 01:16:52'),
(245, 'Luwu Timur', 28, '2019-08-03 01:16:52', '2019-08-03 01:16:52'),
(246, 'Luwu Utara', 28, '2019-08-03 01:16:52', '2019-08-03 01:16:52'),
(247, 'Madiun', 11, '2019-08-03 01:16:52', '2019-08-03 01:16:52'),
(248, 'Madiun', 11, '2019-08-03 01:16:52', '2019-08-03 01:16:52'),
(249, 'Magelang', 10, '2019-08-03 01:16:52', '2019-08-03 01:16:52'),
(250, 'Magelang', 10, '2019-08-03 01:16:52', '2019-08-03 01:16:52'),
(251, 'Magetan', 11, '2019-08-03 01:16:52', '2019-08-03 01:16:52'),
(252, 'Majalengka', 9, '2019-08-03 01:16:52', '2019-08-03 01:16:52'),
(253, 'Majene', 27, '2019-08-03 01:16:52', '2019-08-03 01:16:52'),
(254, 'Makassar', 28, '2019-08-03 01:16:52', '2019-08-03 01:16:52'),
(255, 'Malang', 11, '2019-08-03 01:16:52', '2019-08-03 01:16:52'),
(256, 'Malang', 11, '2019-08-03 01:16:52', '2019-08-03 01:16:52'),
(257, 'Malinau', 16, '2019-08-03 01:16:53', '2019-08-03 01:16:53'),
(258, 'Maluku Barat Daya', 19, '2019-08-03 01:16:53', '2019-08-03 01:16:53'),
(259, 'Maluku Tengah', 19, '2019-08-03 01:16:53', '2019-08-03 01:16:53'),
(260, 'Maluku Tenggara', 19, '2019-08-03 01:16:53', '2019-08-03 01:16:53'),
(261, 'Maluku Tenggara Barat', 19, '2019-08-03 01:16:53', '2019-08-03 01:16:53'),
(262, 'Mamasa', 27, '2019-08-03 01:16:53', '2019-08-03 01:16:53'),
(263, 'Mamberamo Raya', 24, '2019-08-03 01:16:53', '2019-08-03 01:16:53'),
(264, 'Mamberamo Tengah', 24, '2019-08-03 01:16:53', '2019-08-03 01:16:53'),
(265, 'Mamuju', 27, '2019-08-03 01:16:53', '2019-08-03 01:16:53'),
(266, 'Mamuju Utara', 27, '2019-08-03 01:16:53', '2019-08-03 01:16:53'),
(267, 'Manado', 31, '2019-08-03 01:16:53', '2019-08-03 01:16:53'),
(268, 'Mandailing Natal', 34, '2019-08-03 01:16:53', '2019-08-03 01:16:53'),
(269, 'Manggarai', 23, '2019-08-03 01:16:53', '2019-08-03 01:16:53'),
(270, 'Manggarai Barat', 23, '2019-08-03 01:16:53', '2019-08-03 01:16:53'),
(271, 'Manggarai Timur', 23, '2019-08-03 01:16:53', '2019-08-03 01:16:53'),
(272, 'Manokwari', 25, '2019-08-03 01:16:53', '2019-08-03 01:16:53'),
(273, 'Manokwari Selatan', 25, '2019-08-03 01:16:53', '2019-08-03 01:16:53'),
(274, 'Mappi', 24, '2019-08-03 01:16:53', '2019-08-03 01:16:53'),
(275, 'Maros', 28, '2019-08-03 01:16:54', '2019-08-03 01:16:54'),
(276, 'Mataram', 22, '2019-08-03 01:16:54', '2019-08-03 01:16:54'),
(277, 'Maybrat', 25, '2019-08-03 01:16:54', '2019-08-03 01:16:54'),
(278, 'Medan', 34, '2019-08-03 01:16:54', '2019-08-03 01:16:54'),
(279, 'Melawi', 12, '2019-08-03 01:16:54', '2019-08-03 01:16:54'),
(280, 'Merangin', 8, '2019-08-03 01:16:54', '2019-08-03 01:16:54'),
(281, 'Merauke', 24, '2019-08-03 01:16:54', '2019-08-03 01:16:54'),
(282, 'Mesuji', 18, '2019-08-03 01:16:54', '2019-08-03 01:16:54'),
(283, 'Metro', 18, '2019-08-03 01:16:54', '2019-08-03 01:16:54'),
(284, 'Mimika', 24, '2019-08-03 01:16:54', '2019-08-03 01:16:54'),
(285, 'Minahasa', 31, '2019-08-03 01:16:54', '2019-08-03 01:16:54'),
(286, 'Minahasa Selatan', 31, '2019-08-03 01:16:54', '2019-08-03 01:16:54'),
(287, 'Minahasa Tenggara', 31, '2019-08-03 01:16:54', '2019-08-03 01:16:54'),
(288, 'Minahasa Utara', 31, '2019-08-03 01:16:54', '2019-08-03 01:16:54'),
(289, 'Mojokerto', 11, '2019-08-03 01:16:54', '2019-08-03 01:16:54'),
(290, 'Mojokerto', 11, '2019-08-03 01:16:54', '2019-08-03 01:16:54'),
(291, 'Morowali', 29, '2019-08-03 01:16:55', '2019-08-03 01:16:55'),
(292, 'Muara Enim', 33, '2019-08-03 01:16:55', '2019-08-03 01:16:55'),
(293, 'Muaro Jambi', 8, '2019-08-03 01:16:55', '2019-08-03 01:16:55'),
(294, 'Muko Muko', 4, '2019-08-03 01:16:55', '2019-08-03 01:16:55'),
(295, 'Muna', 30, '2019-08-03 01:16:55', '2019-08-03 01:16:55'),
(296, 'Murung Raya', 14, '2019-08-03 01:16:55', '2019-08-03 01:16:55'),
(297, 'Musi Banyuasin', 33, '2019-08-03 01:16:55', '2019-08-03 01:16:55'),
(298, 'Musi Rawas', 33, '2019-08-03 01:16:55', '2019-08-03 01:16:55'),
(299, 'Nabire', 24, '2019-08-03 01:16:55', '2019-08-03 01:16:55'),
(300, 'Nagan Raya', 21, '2019-08-03 01:16:56', '2019-08-03 01:16:56'),
(301, 'Nagekeo', 23, '2019-08-03 01:16:56', '2019-08-03 01:16:56'),
(302, 'Natuna', 17, '2019-08-03 01:16:56', '2019-08-03 01:16:56'),
(303, 'Nduga', 24, '2019-08-03 01:16:56', '2019-08-03 01:16:56'),
(304, 'Ngada', 23, '2019-08-03 01:16:56', '2019-08-03 01:16:56'),
(305, 'Nganjuk', 11, '2019-08-03 01:16:56', '2019-08-03 01:16:56'),
(306, 'Ngawi', 11, '2019-08-03 01:16:56', '2019-08-03 01:16:56'),
(307, 'Nias', 34, '2019-08-03 01:16:56', '2019-08-03 01:16:56'),
(308, 'Nias Barat', 34, '2019-08-03 01:16:56', '2019-08-03 01:16:56'),
(309, 'Nias Selatan', 34, '2019-08-03 01:16:56', '2019-08-03 01:16:56'),
(310, 'Nias Utara', 34, '2019-08-03 01:16:57', '2019-08-03 01:16:57'),
(311, 'Nunukan', 16, '2019-08-03 01:16:57', '2019-08-03 01:16:57'),
(312, 'Ogan Ilir', 33, '2019-08-03 01:16:57', '2019-08-03 01:16:57'),
(313, 'Ogan Komering Ilir', 33, '2019-08-03 01:16:57', '2019-08-03 01:16:57'),
(314, 'Ogan Komering Ulu', 33, '2019-08-03 01:16:57', '2019-08-03 01:16:57'),
(315, 'Ogan Komering Ulu Selatan', 33, '2019-08-03 01:16:57', '2019-08-03 01:16:57'),
(316, 'Ogan Komering Ulu Timur', 33, '2019-08-03 01:16:57', '2019-08-03 01:16:57'),
(317, 'Pacitan', 11, '2019-08-03 01:16:57', '2019-08-03 01:16:57'),
(318, 'Padang', 32, '2019-08-03 01:16:57', '2019-08-03 01:16:57'),
(319, 'Padang Lawas', 34, '2019-08-03 01:16:57', '2019-08-03 01:16:57'),
(320, 'Padang Lawas Utara', 34, '2019-08-03 01:16:57', '2019-08-03 01:16:57'),
(321, 'Padang Panjang', 32, '2019-08-03 01:16:57', '2019-08-03 01:16:57'),
(322, 'Padang Pariaman', 32, '2019-08-03 01:16:58', '2019-08-03 01:16:58'),
(323, 'Padang Sidempuan', 34, '2019-08-03 01:16:58', '2019-08-03 01:16:58'),
(324, 'Pagar Alam', 33, '2019-08-03 01:16:58', '2019-08-03 01:16:58'),
(325, 'Pakpak Bharat', 34, '2019-08-03 01:16:58', '2019-08-03 01:16:58'),
(326, 'Palangka Raya', 14, '2019-08-03 01:16:58', '2019-08-03 01:16:58'),
(327, 'Palembang', 33, '2019-08-03 01:16:58', '2019-08-03 01:16:58'),
(328, 'Palopo', 28, '2019-08-03 01:16:58', '2019-08-03 01:16:58'),
(329, 'Palu', 29, '2019-08-03 01:16:58', '2019-08-03 01:16:58'),
(330, 'Pamekasan', 11, '2019-08-03 01:16:58', '2019-08-03 01:16:58'),
(331, 'Pandeglang', 3, '2019-08-03 01:16:58', '2019-08-03 01:16:58'),
(332, 'Pangandaran', 9, '2019-08-03 01:16:58', '2019-08-03 01:16:58'),
(333, 'Pangkajene Kepulauan', 28, '2019-08-03 01:16:58', '2019-08-03 01:16:58'),
(334, 'Pangkal Pinang', 2, '2019-08-03 01:16:58', '2019-08-03 01:16:58'),
(335, 'Paniai', 24, '2019-08-03 01:16:58', '2019-08-03 01:16:58'),
(336, 'Parepare', 28, '2019-08-03 01:16:58', '2019-08-03 01:16:58'),
(337, 'Pariaman', 32, '2019-08-03 01:16:58', '2019-08-03 01:16:58'),
(338, 'Parigi Moutong', 29, '2019-08-03 01:16:58', '2019-08-03 01:16:58'),
(339, 'Pasaman', 32, '2019-08-03 01:16:58', '2019-08-03 01:16:58'),
(340, 'Pasaman Barat', 32, '2019-08-03 01:16:59', '2019-08-03 01:16:59'),
(341, 'Paser', 15, '2019-08-03 01:16:59', '2019-08-03 01:16:59'),
(342, 'Pasuruan', 11, '2019-08-03 01:16:59', '2019-08-03 01:16:59'),
(343, 'Pasuruan', 11, '2019-08-03 01:16:59', '2019-08-03 01:16:59'),
(344, 'Pati', 10, '2019-08-03 01:16:59', '2019-08-03 01:16:59'),
(345, 'Payakumbuh', 32, '2019-08-03 01:16:59', '2019-08-03 01:16:59'),
(346, 'Pegunungan Arfak', 25, '2019-08-03 01:16:59', '2019-08-03 01:16:59'),
(347, 'Pegunungan Bintang', 24, '2019-08-03 01:16:59', '2019-08-03 01:16:59'),
(348, 'Pekalongan', 10, '2019-08-03 01:16:59', '2019-08-03 01:16:59'),
(349, 'Pekalongan', 10, '2019-08-03 01:17:00', '2019-08-03 01:17:00'),
(350, 'Pekanbaru', 26, '2019-08-03 01:17:00', '2019-08-03 01:17:00'),
(351, 'Pelalawan', 26, '2019-08-03 01:17:00', '2019-08-03 01:17:00'),
(352, 'Pemalang', 10, '2019-08-03 01:17:00', '2019-08-03 01:17:00'),
(353, 'Pematang Siantar', 34, '2019-08-03 01:17:00', '2019-08-03 01:17:00'),
(354, 'Penajam Paser Utara', 15, '2019-08-03 01:17:00', '2019-08-03 01:17:00'),
(355, 'Pesawaran', 18, '2019-08-03 01:17:00', '2019-08-03 01:17:00'),
(356, 'Pesisir Barat', 18, '2019-08-03 01:17:00', '2019-08-03 01:17:00'),
(357, 'Pesisir Selatan', 32, '2019-08-03 01:17:00', '2019-08-03 01:17:00'),
(358, 'Pidie', 21, '2019-08-03 01:17:00', '2019-08-03 01:17:00'),
(359, 'Pidie Jaya', 21, '2019-08-03 01:17:00', '2019-08-03 01:17:00'),
(360, 'Pinrang', 28, '2019-08-03 01:17:00', '2019-08-03 01:17:00'),
(361, 'Pohuwato', 7, '2019-08-03 01:17:00', '2019-08-03 01:17:00'),
(362, 'Polewali Mandar', 27, '2019-08-03 01:17:00', '2019-08-03 01:17:00'),
(363, 'Ponorogo', 11, '2019-08-03 01:17:01', '2019-08-03 01:17:01'),
(364, 'Pontianak', 12, '2019-08-03 01:17:01', '2019-08-03 01:17:01'),
(365, 'Pontianak', 12, '2019-08-03 01:17:01', '2019-08-03 01:17:01'),
(366, 'Poso', 29, '2019-08-03 01:17:01', '2019-08-03 01:17:01'),
(367, 'Prabumulih', 33, '2019-08-03 01:17:01', '2019-08-03 01:17:01'),
(368, 'Pringsewu', 18, '2019-08-03 01:17:01', '2019-08-03 01:17:01'),
(369, 'Probolinggo', 11, '2019-08-03 01:17:01', '2019-08-03 01:17:01'),
(370, 'Probolinggo', 11, '2019-08-03 01:17:01', '2019-08-03 01:17:01'),
(371, 'Pulang Pisau', 14, '2019-08-03 01:17:01', '2019-08-03 01:17:01'),
(372, 'Pulau Morotai', 20, '2019-08-03 01:17:01', '2019-08-03 01:17:01'),
(373, 'Puncak', 24, '2019-08-03 01:17:01', '2019-08-03 01:17:01'),
(374, 'Puncak Jaya', 24, '2019-08-03 01:17:01', '2019-08-03 01:17:01'),
(375, 'Purbalingga', 10, '2019-08-03 01:17:01', '2019-08-03 01:17:01'),
(376, 'Purwakarta', 9, '2019-08-03 01:17:01', '2019-08-03 01:17:01'),
(377, 'Purworejo', 10, '2019-08-03 01:17:01', '2019-08-03 01:17:01'),
(378, 'Raja Ampat', 25, '2019-08-03 01:17:01', '2019-08-03 01:17:01'),
(379, 'Rejang Lebong', 4, '2019-08-03 01:17:02', '2019-08-03 01:17:02'),
(380, 'Rembang', 10, '2019-08-03 01:17:02', '2019-08-03 01:17:02'),
(381, 'Rokan Hilir', 26, '2019-08-03 01:17:02', '2019-08-03 01:17:02'),
(382, 'Rokan Hulu', 26, '2019-08-03 01:17:02', '2019-08-03 01:17:02'),
(383, 'Rote Ndao', 23, '2019-08-03 01:17:02', '2019-08-03 01:17:02'),
(384, 'Sabang', 21, '2019-08-03 01:17:02', '2019-08-03 01:17:02'),
(385, 'Sabu Raijua', 23, '2019-08-03 01:17:02', '2019-08-03 01:17:02'),
(386, 'Salatiga', 10, '2019-08-03 01:17:02', '2019-08-03 01:17:02'),
(387, 'Samarinda', 15, '2019-08-03 01:17:02', '2019-08-03 01:17:02'),
(388, 'Sambas', 12, '2019-08-03 01:17:02', '2019-08-03 01:17:02'),
(389, 'Samosir', 34, '2019-08-03 01:17:02', '2019-08-03 01:17:02'),
(390, 'Sampang', 11, '2019-08-03 01:17:02', '2019-08-03 01:17:02'),
(391, 'Sanggau', 12, '2019-08-03 01:17:02', '2019-08-03 01:17:02'),
(392, 'Sarmi', 24, '2019-08-03 01:17:03', '2019-08-03 01:17:03'),
(393, 'Sarolangun', 8, '2019-08-03 01:17:03', '2019-08-03 01:17:03'),
(394, 'Sawah Lunto', 32, '2019-08-03 01:17:03', '2019-08-03 01:17:03'),
(395, 'Sekadau', 12, '2019-08-03 01:17:03', '2019-08-03 01:17:03'),
(396, 'Selayar (Kepulauan Selayar)', 28, '2019-08-03 01:17:03', '2019-08-03 01:17:03'),
(397, 'Seluma', 4, '2019-08-03 01:17:03', '2019-08-03 01:17:03'),
(398, 'Semarang', 10, '2019-08-03 01:17:03', '2019-08-03 01:17:03'),
(399, 'Semarang', 10, '2019-08-03 01:17:03', '2019-08-03 01:17:03'),
(400, 'Seram Bagian Barat', 19, '2019-08-03 01:17:03', '2019-08-03 01:17:03'),
(401, 'Seram Bagian Timur', 19, '2019-08-03 01:17:03', '2019-08-03 01:17:03'),
(402, 'Serang', 3, '2019-08-03 01:17:03', '2019-08-03 01:17:03'),
(403, 'Serang', 3, '2019-08-03 01:17:03', '2019-08-03 01:17:03'),
(404, 'Serdang Bedagai', 34, '2019-08-03 01:17:03', '2019-08-03 01:17:03'),
(405, 'Seruyan', 14, '2019-08-03 01:17:03', '2019-08-03 01:17:03'),
(406, 'Siak', 26, '2019-08-03 01:17:03', '2019-08-03 01:17:03'),
(407, 'Sibolga', 34, '2019-08-03 01:17:03', '2019-08-03 01:17:03'),
(408, 'Sidenreng Rappang/Rapang', 28, '2019-08-03 01:17:03', '2019-08-03 01:17:03'),
(409, 'Sidoarjo', 11, '2019-08-03 01:17:04', '2019-08-03 01:17:04'),
(410, 'Sigi', 29, '2019-08-03 01:17:04', '2019-08-03 01:17:04'),
(411, 'Sijunjung (Sawah Lunto Sijunjung)', 32, '2019-08-03 01:17:04', '2019-08-03 01:17:04'),
(412, 'Sikka', 23, '2019-08-03 01:17:04', '2019-08-03 01:17:04'),
(413, 'Simalungun', 34, '2019-08-03 01:17:04', '2019-08-03 01:17:04'),
(414, 'Simeulue', 21, '2019-08-03 01:17:04', '2019-08-03 01:17:04'),
(415, 'Singkawang', 12, '2019-08-03 01:17:04', '2019-08-03 01:17:04'),
(416, 'Sinjai', 28, '2019-08-03 01:17:04', '2019-08-03 01:17:04'),
(417, 'Sintang', 12, '2019-08-03 01:17:04', '2019-08-03 01:17:04'),
(418, 'Situbondo', 11, '2019-08-03 01:17:04', '2019-08-03 01:17:04'),
(419, 'Sleman', 5, '2019-08-03 01:17:04', '2019-08-03 01:17:04'),
(420, 'Solok', 32, '2019-08-03 01:17:04', '2019-08-03 01:17:04'),
(421, 'Solok', 32, '2019-08-03 01:17:04', '2019-08-03 01:17:04'),
(422, 'Solok Selatan', 32, '2019-08-03 01:17:04', '2019-08-03 01:17:04'),
(423, 'Soppeng', 28, '2019-08-03 01:17:04', '2019-08-03 01:17:04'),
(424, 'Sorong', 25, '2019-08-03 01:17:04', '2019-08-03 01:17:04'),
(425, 'Sorong', 25, '2019-08-03 01:17:04', '2019-08-03 01:17:04'),
(426, 'Sorong Selatan', 25, '2019-08-03 01:17:04', '2019-08-03 01:17:04'),
(427, 'Sragen', 10, '2019-08-03 01:17:04', '2019-08-03 01:17:04'),
(428, 'Subang', 9, '2019-08-03 01:17:04', '2019-08-03 01:17:04'),
(429, 'Subulussalam', 21, '2019-08-03 01:17:05', '2019-08-03 01:17:05'),
(430, 'Sukabumi', 9, '2019-08-03 01:17:05', '2019-08-03 01:17:05'),
(431, 'Sukabumi', 9, '2019-08-03 01:17:05', '2019-08-03 01:17:05'),
(432, 'Sukamara', 14, '2019-08-03 01:17:05', '2019-08-03 01:17:05'),
(433, 'Sukoharjo', 10, '2019-08-03 01:17:05', '2019-08-03 01:17:05'),
(434, 'Sumba Barat', 23, '2019-08-03 01:17:05', '2019-08-03 01:17:05'),
(435, 'Sumba Barat Daya', 23, '2019-08-03 01:17:05', '2019-08-03 01:17:05'),
(436, 'Sumba Tengah', 23, '2019-08-03 01:17:05', '2019-08-03 01:17:05'),
(437, 'Sumba Timur', 23, '2019-08-03 01:17:05', '2019-08-03 01:17:05'),
(438, 'Sumbawa', 22, '2019-08-03 01:17:05', '2019-08-03 01:17:05'),
(439, 'Sumbawa Barat', 22, '2019-08-03 01:17:05', '2019-08-03 01:17:05'),
(440, 'Sumedang', 9, '2019-08-03 01:17:05', '2019-08-03 01:17:05'),
(441, 'Sumenep', 11, '2019-08-03 01:17:05', '2019-08-03 01:17:05'),
(442, 'Sungaipenuh', 8, '2019-08-03 01:17:05', '2019-08-03 01:17:05'),
(443, 'Supiori', 24, '2019-08-03 01:17:05', '2019-08-03 01:17:05'),
(444, 'Surabaya', 11, '2019-08-03 01:17:05', '2019-08-03 01:17:05'),
(445, 'Surakarta (Solo)', 10, '2019-08-03 01:17:05', '2019-08-03 01:17:05'),
(446, 'Tabalong', 13, '2019-08-03 01:17:05', '2019-08-03 01:17:05'),
(447, 'Tabanan', 1, '2019-08-03 01:17:05', '2019-08-03 01:17:05'),
(448, 'Takalar', 28, '2019-08-03 01:17:06', '2019-08-03 01:17:06'),
(449, 'Tambrauw', 25, '2019-08-03 01:17:06', '2019-08-03 01:17:06'),
(450, 'Tana Tidung', 16, '2019-08-03 01:17:06', '2019-08-03 01:17:06'),
(451, 'Tana Toraja', 28, '2019-08-03 01:17:06', '2019-08-03 01:17:06'),
(452, 'Tanah Bumbu', 13, '2019-08-03 01:17:06', '2019-08-03 01:17:06'),
(453, 'Tanah Datar', 32, '2019-08-03 01:17:06', '2019-08-03 01:17:06'),
(454, 'Tanah Laut', 13, '2019-08-03 01:17:06', '2019-08-03 01:17:06'),
(455, 'Tangerang', 3, '2019-08-03 01:17:06', '2019-08-03 01:17:06'),
(456, 'Tangerang', 3, '2019-08-03 01:17:06', '2019-08-03 01:17:06'),
(457, 'Tangerang Selatan', 3, '2019-08-03 01:17:06', '2019-08-03 01:17:06'),
(458, 'Tanggamus', 18, '2019-08-03 01:17:06', '2019-08-03 01:17:06'),
(459, 'Tanjung Balai', 34, '2019-08-03 01:17:06', '2019-08-03 01:17:06'),
(460, 'Tanjung Jabung Barat', 8, '2019-08-03 01:17:06', '2019-08-03 01:17:06'),
(461, 'Tanjung Jabung Timur', 8, '2019-08-03 01:17:06', '2019-08-03 01:17:06'),
(462, 'Tanjung Pinang', 17, '2019-08-03 01:17:06', '2019-08-03 01:17:06'),
(463, 'Tapanuli Selatan', 34, '2019-08-03 01:17:06', '2019-08-03 01:17:06'),
(464, 'Tapanuli Tengah', 34, '2019-08-03 01:17:06', '2019-08-03 01:17:06'),
(465, 'Tapanuli Utara', 34, '2019-08-03 01:17:06', '2019-08-03 01:17:06'),
(466, 'Tapin', 13, '2019-08-03 01:17:06', '2019-08-03 01:17:06'),
(467, 'Tarakan', 16, '2019-08-03 01:17:07', '2019-08-03 01:17:07'),
(468, 'Tasikmalaya', 9, '2019-08-03 01:17:07', '2019-08-03 01:17:07'),
(469, 'Tasikmalaya', 9, '2019-08-03 01:17:07', '2019-08-03 01:17:07'),
(470, 'Tebing Tinggi', 34, '2019-08-03 01:17:07', '2019-08-03 01:17:07'),
(471, 'Tebo', 8, '2019-08-03 01:17:07', '2019-08-03 01:17:07'),
(472, 'Tegal', 10, '2019-08-03 01:17:07', '2019-08-03 01:17:07'),
(473, 'Tegal', 10, '2019-08-03 01:17:07', '2019-08-03 01:17:07'),
(474, 'Teluk Bintuni', 25, '2019-08-03 01:17:07', '2019-08-03 01:17:07'),
(475, 'Teluk Wondama', 25, '2019-08-03 01:17:07', '2019-08-03 01:17:07'),
(476, 'Temanggung', 10, '2019-08-03 01:17:07', '2019-08-03 01:17:07'),
(477, 'Ternate', 20, '2019-08-03 01:17:07', '2019-08-03 01:17:07'),
(478, 'Tidore Kepulauan', 20, '2019-08-03 01:17:07', '2019-08-03 01:17:07'),
(479, 'Timor Tengah Selatan', 23, '2019-08-03 01:17:07', '2019-08-03 01:17:07'),
(480, 'Timor Tengah Utara', 23, '2019-08-03 01:17:07', '2019-08-03 01:17:07'),
(481, 'Toba Samosir', 34, '2019-08-03 01:17:07', '2019-08-03 01:17:07'),
(482, 'Tojo Una-Una', 29, '2019-08-03 01:17:08', '2019-08-03 01:17:08'),
(483, 'Toli-Toli', 29, '2019-08-03 01:17:08', '2019-08-03 01:17:08'),
(484, 'Tolikara', 24, '2019-08-03 01:17:08', '2019-08-03 01:17:08'),
(485, 'Tomohon', 31, '2019-08-03 01:17:08', '2019-08-03 01:17:08'),
(486, 'Toraja Utara', 28, '2019-08-03 01:17:08', '2019-08-03 01:17:08'),
(487, 'Trenggalek', 11, '2019-08-03 01:17:08', '2019-08-03 01:17:08'),
(488, 'Tual', 19, '2019-08-03 01:17:08', '2019-08-03 01:17:08'),
(489, 'Tuban', 11, '2019-08-03 01:17:08', '2019-08-03 01:17:08'),
(490, 'Tulang Bawang', 18, '2019-08-03 01:17:08', '2019-08-03 01:17:08'),
(491, 'Tulang Bawang Barat', 18, '2019-08-03 01:17:08', '2019-08-03 01:17:08'),
(492, 'Tulungagung', 11, '2019-08-03 01:17:08', '2019-08-03 01:17:08'),
(493, 'Wajo', 28, '2019-08-03 01:17:08', '2019-08-03 01:17:08'),
(494, 'Wakatobi', 30, '2019-08-03 01:17:08', '2019-08-03 01:17:08'),
(495, 'Waropen', 24, '2019-08-03 01:17:08', '2019-08-03 01:17:08'),
(496, 'Way Kanan', 18, '2019-08-03 01:17:08', '2019-08-03 01:17:08'),
(497, 'Wonogiri', 10, '2019-08-03 01:17:08', '2019-08-03 01:17:08'),
(498, 'Wonosobo', 10, '2019-08-03 01:17:08', '2019-08-03 01:17:08'),
(499, 'Yahukimo', 24, '2019-08-03 01:17:09', '2019-08-03 01:17:09'),
(500, 'Yalimo', 24, '2019-08-03 01:17:09', '2019-08-03 01:17:09'),
(501, 'Yogyakarta', 5, '2019-08-03 01:17:09', '2019-08-03 01:17:09');

-- --------------------------------------------------------

--
-- Table structure for table `customer`
--

CREATE TABLE `customer` (
  `id` int(10) UNSIGNED NOT NULL,
  `created_at` timestamp NULL DEFAULT NULL,
  `updated_at` timestamp NULL DEFAULT NULL
) ENGINE=InnoDB DEFAULT CHARSET=utf8mb4 COLLATE=utf8mb4_unicode_ci;

-- --------------------------------------------------------

--
-- Table structure for table `migrations`
--

CREATE TABLE `migrations` (
  `id` int(10) UNSIGNED NOT NULL,
  `migration` varchar(191) COLLATE utf8mb4_unicode_ci NOT NULL,
  `batch` int(11) NOT NULL
) ENGINE=InnoDB DEFAULT CHARSET=utf8mb4 COLLATE=utf8mb4_unicode_ci;

--
-- Dumping data for table `migrations`
--

INSERT INTO `migrations` (`id`, `migration`, `batch`) VALUES
(1, '2014_10_12_000000_create_users_table', 1),
(2, '2014_10_12_100000_create_password_resets_table', 1),
(3, '2019_06_30_134010_create_customers_table', 2),
(7, '2019_06_30_135213_create_products_table', 3),
(8, '2019_06_30_135312_create_orders_table', 3),
(9, '2019_06_30_135437_create_carts_table', 3),
(10, '2019_07_18_141412_add_role_to_user', 4),
(11, '2019_07_20_031713_add_field_products', 5),
(12, '2019_07_20_064216_create_product_images_table', 6),
(14, '2019_07_20_065349_add_field_image', 7),
(15, '2019_07_20_093134_rename_details_column', 8),
(17, '2019_07_27_024106_create_categories_table', 9),
(18, '2019_08_03_072832_create_province_table', 9),
(19, '2019_08_03_072946_create_city_table', 9),
(20, '2019_08_03_104456_add_field_to_order_table', 10),
(21, '2019_08_03_110337_create_order_products_table', 11),
(22, '2019_08_03_125948_add_field_to_order_table', 12),
(23, '2019_08_03_130649_change_order_default', 13);

-- --------------------------------------------------------

--
-- Table structure for table `orders`
--

CREATE TABLE `orders` (
  `id` int(10) UNSIGNED NOT NULL,
  `created_at` timestamp NULL DEFAULT NULL,
  `updated_at` timestamp NULL DEFAULT NULL,
  `user_id` int(10) UNSIGNED DEFAULT NULL,
  `billing_email` varchar(191) COLLATE utf8mb4_unicode_ci NOT NULL,
  `billing_name` varchar(191) COLLATE utf8mb4_unicode_ci NOT NULL,
  `billing_city` varchar(191) COLLATE utf8mb4_unicode_ci NOT NULL,
  `billing_province` varchar(191) COLLATE utf8mb4_unicode_ci NOT NULL,
  `billing_courier` varchar(191) COLLATE utf8mb4_unicode_ci NOT NULL,
  `billing_ongkir` varchar(191) COLLATE utf8mb4_unicode_ci NOT NULL,
  `billing_phone` varchar(191) COLLATE utf8mb4_unicode_ci NOT NULL,
  `billing_postalcode` varchar(191) COLLATE utf8mb4_unicode_ci NOT NULL,
  `billing_subtotal` int(11) NOT NULL,
  `billing_total` int(11) NOT NULL,
  `billing_shipped` tinyint(1) NOT NULL DEFAULT '0',
  `error` varchar(191) COLLATE utf8mb4_unicode_ci DEFAULT NULL,
  `alamat` varchar(200) COLLATE utf8mb4_unicode_ci NOT NULL
) ENGINE=InnoDB DEFAULT CHARSET=utf8mb4 COLLATE=utf8mb4_unicode_ci;

--
-- Dumping data for table `orders`
--

INSERT INTO `orders` (`id`, `created_at`, `updated_at`, `user_id`, `billing_email`, `billing_name`, `billing_city`, `billing_province`, `billing_courier`, `billing_ongkir`, `billing_phone`, `billing_postalcode`, `billing_subtotal`, `billing_total`, `billing_shipped`, `error`, `alamat`) VALUES
(1, '2019-08-03 06:17:12', '2019-08-03 06:17:12', 3, 'nhinstein@gmail.com', 'sri wahyuni', '29', '2', 'jne', '38000', '0898008957', '40617', 120000, 120000, 0, NULL, 'ciagagk'),
(2, '2019-08-03 06:42:40', '2019-08-03 06:42:40', 3, 'nhinstein@gmail.com', 'sri wahyuni', '65', '4', 'jne', '42000', '0564654654', '40615', 25000, 25000, 0, NULL, 'Cigagak'),
(3, '2019-08-03 06:43:24', '2019-08-03 06:43:24', 3, 'nhinstein@gmail.com', 'sri wahyuni', '65', '4', 'jne', '42000', '0564654654', '40615', 25000, 25000, 0, NULL, 'Cigagak'),
(4, '2019-08-03 06:43:57', '2019-08-03 06:43:57', 3, 'nhinstein@gmail.com', 'sri wahyuni', '65', '4', 'jne', '42000', '0564654654', '40615', 25000, 25000, 0, NULL, 'Cigagak'),
(5, '2019-08-03 06:44:30', '2019-08-03 06:44:30', 3, 'nhinstein@gmail.com', 'sri wahyuni', '65', '4', 'jne', '42000', '0564654654', '40615', 25000, 25000, 0, NULL, 'Cigagak'),
(6, '2019-08-03 06:44:43', '2019-08-03 06:44:43', 3, 'nhinstein@gmail.com', 'sri wahyuni', '65', '4', 'jne', '42000', '0564654654', '40615', 25000, 25000, 0, NULL, 'Cigagak'),
(7, '2019-08-03 06:45:57', '2019-08-03 06:45:57', 3, 'nhinstein@gmail.com', 'sri wahyuni', '65', '4', 'jne', '42000', '0564654654', '40615', 25000, 25000, 0, NULL, 'Cigagak'),
(8, '2019-08-03 06:47:45', '2019-08-03 06:47:45', 3, 'nhinstein@gmail.com', 'sri wahyuni', '65', '4', 'jne', '42000', '0564654654', '40615', 25000, 25000, 0, NULL, 'Cigagak'),
(9, '2019-08-03 06:48:41', '2019-08-03 06:48:41', 3, 'nhinstein@gmail.com', 'sri wahyuni', '65', '4', 'jne', '42000', '0564654654', '40615', 25000, 25000, 0, NULL, 'Cigagak'),
(10, '2019-08-03 06:50:44', '2019-08-03 06:50:44', 3, 'nhinstein@gmail.com', 'sri wahyuni', '65', '4', 'jne', '42000', '0564654654', '40615', 25000, 25000, 0, NULL, 'Cigagak'),
(11, '2019-08-03 06:51:04', '2019-08-03 06:51:04', 3, 'nhinstein@gmail.com', 'sri wahyuni', '65', '4', 'jne', '42000', '0564654654', '40615', 25000, 25000, 0, NULL, 'Cigagak'),
(12, '2019-08-03 06:51:27', '2019-08-03 06:51:27', 3, 'nhinstein@gmail.com', 'sri wahyuni', '65', '4', 'jne', '42000', '0564654654', '40615', 25000, 25000, 0, NULL, 'Cigagak'),
(13, '2019-08-03 06:52:06', '2019-08-03 06:52:06', 3, 'nhinstein@gmail.com', 'sri wahyuni', '65', '4', 'jne', '42000', '0564654654', '40615', 25000, 25000, 0, NULL, 'Cigagak'),
(14, '2019-08-03 06:57:58', '2019-08-03 06:57:58', 3, 'nhinstein@gmail.com', 'sri wahyuni', '65', '4', 'jne', '42000', '0564654654', '40615', 25000, 25000, 0, NULL, 'Cigagak'),
(15, '2019-08-03 06:58:55', '2019-08-03 06:58:55', 3, 'nhinstein@gmail.com', 'sri wahyuni', '65', '4', 'jne', '42000', '0564654654', '40615', 25000, 25000, 0, NULL, 'Cigagak'),
(16, '2019-08-03 07:00:35', '2019-08-03 07:00:35', 3, 'nhinstein@gmail.com', 'sri wahyuni', '65', '4', 'jne', '42000', '0564654654', '40615', 25000, 25000, 0, NULL, 'Cigagak'),
(17, '2019-08-03 07:00:53', '2019-08-03 07:00:53', 3, 'nhinstein@gmail.com', 'sri wahyuni', '65', '4', 'jne', '42000', '0564654654', '40615', 25000, 25000, 0, NULL, 'Cigagak'),
(18, '2019-08-03 07:03:15', '2019-08-03 07:03:15', 3, 'nhinstein@gmail.com', 'sri wahyuni', '65', '4', 'jne', '42000', '0564654654', '40615', 25000, 25000, 0, NULL, 'Cigagak'),
(19, '2019-08-03 07:03:35', '2019-08-03 07:03:35', 3, 'nhinstein@gmail.com', 'sri wahyuni', '65', '4', 'jne', '42000', '0564654654', '40615', 25000, 25000, 0, NULL, 'Cigagak'),
(20, '2019-08-03 07:03:55', '2019-08-03 07:03:55', 3, 'nhinstein@gmail.com', 'sri wahyuni', '65', '4', 'jne', '42000', '0564654654', '40615', 25000, 25000, 0, NULL, 'Cigagak'),
(21, '2019-08-03 07:06:08', '2019-08-03 07:06:08', 3, 'nhinstein@gmail.com', 'sri wahyuni', '65', '4', 'jne', '42000', '0564654654', '40615', 25000, 25000, 0, NULL, 'Cigagak'),
(22, '2019-08-03 07:06:25', '2019-08-03 07:06:25', 3, 'nhinstein@gmail.com', 'sri wahyuni', '65', '4', 'jne', '42000', '0564654654', '40615', 25000, 25000, 0, NULL, 'Cigagak'),
(23, '2019-08-03 07:06:59', '2019-08-03 07:06:59', 3, 'nhinstein@gmail.com', 'sri wahyuni', '65', '4', 'jne', '42000', '0564654654', '40615', 25000, 25000, 0, NULL, 'Cigagak'),
(24, '2019-08-03 07:15:43', '2019-08-03 07:15:43', 3, 'nhinstein@gmail.com', 'sri wahyuni', '65', '4', 'jne', '42000', '0564654654', '40615', 25000, 25000, 0, NULL, 'Cigagak');

-- --------------------------------------------------------

--
-- Table structure for table `order_product`
--

CREATE TABLE `order_product` (
  `id` int(10) UNSIGNED NOT NULL,
  `order_id` int(10) UNSIGNED DEFAULT NULL,
  `product_id` int(10) UNSIGNED DEFAULT NULL,
  `quantity` int(10) UNSIGNED NOT NULL,
  `created_at` timestamp NULL DEFAULT NULL,
  `updated_at` timestamp NULL DEFAULT NULL
) ENGINE=InnoDB DEFAULT CHARSET=utf8mb4 COLLATE=utf8mb4_unicode_ci;

--
-- Dumping data for table `order_product`
--

INSERT INTO `order_product` (`id`, `order_id`, `product_id`, `quantity`, `created_at`, `updated_at`) VALUES
(1, 1, 3813, 3, '2019-08-03 06:17:12', '2019-08-03 06:17:12'),
(2, 2, 3806, 1, '2019-08-03 06:42:41', '2019-08-03 06:42:41'),
(3, 3, 3806, 1, '2019-08-03 06:43:24', '2019-08-03 06:43:24'),
(4, 4, 3806, 1, '2019-08-03 06:43:57', '2019-08-03 06:43:57'),
(5, 5, 3806, 1, '2019-08-03 06:44:30', '2019-08-03 06:44:30'),
(6, 6, 3806, 1, '2019-08-03 06:44:43', '2019-08-03 06:44:43'),
(7, 7, 3806, 1, '2019-08-03 06:45:57', '2019-08-03 06:45:57'),
(8, 8, 3806, 1, '2019-08-03 06:47:45', '2019-08-03 06:47:45'),
(9, 9, 3806, 1, '2019-08-03 06:48:41', '2019-08-03 06:48:41'),
(10, 10, 3806, 1, '2019-08-03 06:50:44', '2019-08-03 06:50:44'),
(11, 11, 3806, 1, '2019-08-03 06:51:04', '2019-08-03 06:51:04'),
(12, 12, 3806, 1, '2019-08-03 06:51:27', '2019-08-03 06:51:27'),
(13, 13, 3806, 1, '2019-08-03 06:52:06', '2019-08-03 06:52:06'),
(14, 14, 3806, 1, '2019-08-03 06:57:58', '2019-08-03 06:57:58'),
(15, 15, 3806, 1, '2019-08-03 06:58:55', '2019-08-03 06:58:55'),
(16, 16, 3806, 1, '2019-08-03 07:00:35', '2019-08-03 07:00:35'),
(17, 17, 3806, 1, '2019-08-03 07:00:54', '2019-08-03 07:00:54'),
(18, 18, 3806, 1, '2019-08-03 07:03:15', '2019-08-03 07:03:15'),
(19, 19, 3806, 1, '2019-08-03 07:03:35', '2019-08-03 07:03:35'),
(20, 20, 3806, 1, '2019-08-03 07:03:55', '2019-08-03 07:03:55'),
(21, 21, 3806, 1, '2019-08-03 07:06:08', '2019-08-03 07:06:08'),
(22, 22, 3806, 1, '2019-08-03 07:06:25', '2019-08-03 07:06:25'),
(23, 23, 3806, 1, '2019-08-03 07:06:59', '2019-08-03 07:06:59'),
(24, 24, 3806, 1, '2019-08-03 07:15:43', '2019-08-03 07:15:43');

-- --------------------------------------------------------

--
-- Table structure for table `password_resets`
--

CREATE TABLE `password_resets` (
  `email` varchar(191) COLLATE utf8mb4_unicode_ci NOT NULL,
  `token` varchar(191) COLLATE utf8mb4_unicode_ci NOT NULL,
  `created_at` timestamp NULL DEFAULT NULL
) ENGINE=InnoDB DEFAULT CHARSET=utf8mb4 COLLATE=utf8mb4_unicode_ci;

-- --------------------------------------------------------

--
-- Table structure for table `products`
--

CREATE TABLE `products` (
  `id` int(10) UNSIGNED NOT NULL,
  `created_at` timestamp NULL DEFAULT NULL,
  `updated_at` timestamp NULL DEFAULT NULL,
  `name` varchar(191) COLLATE utf8mb4_unicode_ci NOT NULL,
  `description` text COLLATE utf8mb4_unicode_ci NOT NULL,
  `weight` decimal(6,2) NOT NULL,
  `price` decimal(8,0) NOT NULL,
  `slug` varchar(191) COLLATE utf8mb4_unicode_ci NOT NULL,
  `image_src` varchar(191) COLLATE utf8mb4_unicode_ci DEFAULT NULL
) ENGINE=InnoDB DEFAULT CHARSET=utf8mb4 COLLATE=utf8mb4_unicode_ci;

--
-- Dumping data for table `products`
--

INSERT INTO `products` (`id`, `created_at`, `updated_at`, `name`, `description`, `weight`, `price`, `slug`, `image_src`) VALUES
(3803, '2019-08-02 20:14:20', '2019-08-02 20:14:20', ' 3D Bowknot Smile Lucky Cat Cartoon Silicone Cases Cover ', '\nDeskripsi Produk\n\nReady : \n- Black Cat \n\nOppo F1s/A59 \nOppo Neo9 /A37 \nOppo neo7 /a33\nOppo F1 /a35 \nRedmi note 3\nRedmi mi4i/mi4c\nSamsung j5 \nSamsung g530/g532 \nA7 2017 \nA5 2017 \nGalaxy v\n\nStock \nSisa 1000pcs\n\nFeatures:\n*100% brand new .\n* Protected from external dust and scratches in this cover case accessory.\n* Compatiable perfectly!\n* Material: Soft silicone.\n* Package: Opp .\nFast Response WA : 08980085967', '60.00', '57000', 'TP169849484', 'TP169849484-1.jpg'),
(3804, '2019-08-02 20:14:20', '2019-08-02 20:14:20', ' Asus Zenfone 2 5.5 ZE550MLZE551ML Aluminum Bumper Mirror Hardback Case ', '\nwarna Tersedia :\n- SILVER \n- GOLD\n- ROSE GOLD\n\nitem Description\n\n100% Brand New case\nMaterial: Aluminum+PC\nProtects your phone from damages, dusts, fingerprints, scratches and bump\n\n\n\nPacking + FREE BUBBLE WRAP\n\nCARA PEMESANAN : MASUKAN 3 WARNA YG DIINGINKAN ,TANPA KETERANGAN WARNA DIKIRIM RANDOM (NO complain).\nAPABILA WARNA YANG DIMINTA KEHABISAN DIKIRIM STOCK YANG ADA.\nKECUALI ADA NOTE : WARNA KOSONG = CANCEL\n\nBarang tidak garansi , bila terjadi rusak/penyok kami tidak bertanggung jawab karena sudah di cek terlebih dahulu sebelum dikirim, tetapi bila menggunakan ( ASURANSI ) mohon dibuka langsung di depan petugas kurir jasa pengiriman serta menggunakan asuransi segera kembalikan barang tersebut ke kurir\nFast Response WA : 08980085967', '80.00', '25000', 'TP43713645', 'TP43713645-1.jpg'),
(3805, '2019-08-02 20:14:20', '2019-08-02 20:14:20', ' Asus ZENFONE Indoscreen Hikaru Tempered Glass - Clear ', '\n100% ORIGINAL TEMPERED GLASS INDOSCREEN HIKARU\nSILAHKAN TANYA STOCK SEBELUM DI BAYAR\n\nREADY FOR :\n- Asus Zenfone 3 5.2\" (FULL SET)\n- Asus Zenfone 2 5.5 / DELUXE (ZE550/551ML)\n- Asus Zenfone 3 MAX (ZC520TL)\n\n\ncara pemesanan :\ntulis diketerangan jenis type hp anda\nmisal buat : Asus Zenfone 3 MAX (ZC520TL) , diketarangan ditulis :\n\" TEMPERED GLASS HIKARU Asus Zenfone 3 MAX (ZC520TL) \"\n\nFitur\n* Surface Hardness. The 9H Pure Hardness can effectively portect your screen from scrath and external shocks.\n* Anti-Shatter Film. If broken, the glass breaks into small pieces that are not sharp, making it more safer for user.\n* Oleophobic Coating. This coating can prevent fingerprints, smudges or other stains, and make film easy to clean\n* Curved and smooth edges for premium touch.\n* High resolution and enhanced optical clarity.\n\nINCLUDED\n1.Prefect Tempered Glass Protection Screen\n2. Glass bullon\n3. Alcohol Swab\n4. clear anti gores belakang khusus iphone\n\nGaransi Pengiriman.\nJika paket datang kondisi kaca pecah , akan kami ganti dengan yg baru dengan mengirim balik paket yg sudah diterima dengan ongkir kirim balik dari pembeli.\nFast Response WA : 08980085967', '100.00', '25000', 'TP142250063', 'TP142250063-1.jpg'),
(3806, '2019-08-02 20:14:21', '2019-08-02 20:14:21', ' Asus Zenfone Selfie ZD551KL Aluminum Bumper Mirror Hard back Case ', '\nitem Description\n\n100% Brand New case\nMaterial: Aluminum+PC\nProtects your phone from damages, dusts, fingerprints, scratches and bump\n\nColor:\n- rose gold\n- gold\n- hitam\n- silver\n\n\nPacking + FREE BUBBLE WRAP\n\nCARA PEMESANAN : MASUKAN 3 WARNA YG DIINGINKAN ,TANPA KETERANGAN WARNA DIKIRIM RANDOM (NO complain).\nAPABILA WARNA YANG DIMINTA KEHABISAN DIKIRIM STOCK YANG ADA.\nKECUALI ADA NOTE : WARNA KOSONG = CANCEL\n\nBarang tidak garansi , bila terjadi rusak/penyok kami tidak bertanggung jawab karena sudah di cek terlebih dahulu sebelum dikirim, tetapi bila menggunakan ( ASURANSI ) mohon dibuka langsung di depan petugas kurir jasa pengiriman serta menggunakan asuransi segera kembalikan barang tersebut ke kurir\nFast Response WA : 08980085967', '80.00', '25000', 'TP43713277', 'TP43713277-1.jpg'),
(3807, '2019-08-02 20:14:21', '2019-08-02 20:14:21', ' ASUS ZENFONE TEMPERED GLASS 0.26 mm / 2.5D 9H ', '\nTempered Glass 0,26 mm / 2.5D 9H\nmerk akan dikirim sesuai ketersedian stok dengan packing mika\nyang pasti kualitas sama\ntersedia untuk semua jenis ZENFONE\n\nSILAHKAN TANYA STOCK SEBELUM DI BAYAR\n\ncara pemesanan :\ntulis diketerangan jenis type hp anda\nmisal buat ZENFONE 6  , diketarangan ditulis :\n\" TEMPERED GLASS ZENFONE 6 \"\n\nPREMIUM TEMPERED GLASS SCREEN PROTECTOR\nTEMPERED GLASS is made with specially processed tempered glass to protect screen of the device from shocks and scratches. absorbing impact effectively.\n\nProduct Feature\n1.Teempered glass protector is made of chemically processed glass,which has excellent window display.HIGH SENSITIVITY AND COMFORTABLE TOUCH FEELING.\n2.OLEOPHOBIC. AVOID SMUDGES AND REDUCE THE FRINGERPRINTS\n3.SURFACE HARDNESS 9H\n4.SLIM TEMPERED GLASS MADE BY ADVANCED TECHNICAL PROCESS.\n5.A.S.F : ANTI -SHATTERD FILM (HIGH SILICONE COATED)\n6.ADVANCED SILICONE ADHESIVE\n\nINCLUDED\n1.Prefect Tempered Glass Protection Screen\n bullon\n3.Dust Removal Sticker For Adhesive\n4. Alcohol Swab\n5.Alcohol\n\nBarang tidak garansi , bila terjadi rusak/penyok kami tidak bertanggung jawab karena sudah di cek terlebih dahulu sebelum dikirim, tetapi bila menggunakan ( ASURANSI ) mohon dibuka langsung di depan petugas kurir jasa pengiriman serta menggunakan asuransi segera kembalikan barang tersebut ke kurir\nFast Response WA : 08980085967', '100.00', '25000', 'TP40209157', 'TP40209157-1.jpg'),
(3808, '2019-08-02 20:14:21', '2019-08-02 20:14:21', ' GALAXY A3 2016 A310 3D Cute Cartoon Sulley Case Soft Silicon Case ', '\nReady :\n- sulley \n\nFeatures:\n100% Brand New cases\n1.Made of high-quality silicone.\n2.Protect your cellphone from damage scratches, shocks, accidental drops and collision.\n3.Easy access to control ports, cameras &amp; buttons.\nFast Response WA : 08980085967', '100.00', '57000', 'TP100410286', 'TP100410286-1.jpg'),
(3809, '2019-08-02 20:14:22', '2019-08-02 20:14:22', ' Galaxy A3 2016 A310 Aluminum Metal Bumper Mirror Hard Back Case ', '\nItem Description\n\n100% Brand New case\nMaterial: Aluminum+PC\nProtects your phone from damages, dusts, fingerprints, scratches and bump\n\nWarna Ready :\n- SILVER\n- BLACK\n- ROSE GOLD\n\nPacking + FREE BUBBLE WRAP\n\nCARA PEMESANAN : MASUKAN 3 WARNA YG DIINGINKAN ,TANPA KETERANGAN WARNA DIKIRIM RANDOM (NO complain).\nAPABILA WARNA YANG DIMINTA KEHABISAN DIKIRIM STOCK YANG ADA.\nKECUALI ADA NOTE : WARNA KOSONG = CANCEL\n\nBarang tidak garansi , bila terjadi rusak/penyok kami tidak bertanggung jawab karena sudah di cek terlebih dahulu sebelum dikirim, tetapi bila menggunakan ( ASURANSI ) mohon dibuka langsung di depan petugas kurir jasa pengiriman serta menggunakan asuransi segera kembalikan barang tersebut ke kurir\nFast Response WA : 08980085967', '100.00', '25000', 'TP37964482', 'TP37964482-1.jpg'),
(3810, '2019-08-02 20:14:22', '2019-08-02 20:14:22', ' Galaxy A3 A300 Aluminum Metal Bumper Mirror Plating Hard Back Case ', '\nItem Description\n\n100% Brand New case\nMaterial: Aluminum+PC\nProtects your phone from damages, dusts, fingerprints, scratches and bump\n\nWarna Ready :\n- SILVER\n- BLACK\n\n\nPacking + FREE BUBBLE WRAP\n\nCARA PEMESANAN : MASUKAN 3 WARNA YG DIINGINKAN ,TANPA KETERANGAN WARNA DIKIRIM RANDOM (NO complain).\nAPABILA WARNA YANG DIMINTA KEHABISAN DIKIRIM STOCK YANG ADA.\nKECUALI ADA NOTE : WARNA KOSONG = CANCEL\n\nBarang tidak garansi , bila terjadi rusak/penyok kami tidak bertanggung jawab karena sudah di cek terlebih dahulu sebelum dikirim, tetapi bila menggunakan ( ASURANSI ) mohon dibuka langsung di depan petugas kurir jasa pengiriman serta menggunakan asuransi segera kembalikan barang tersebut ke kurir\nFast Response WA : 08980085967', '100.00', '25000', 'TP35999959', 'TP35999959-1.jpg'),
(3811, '2019-08-02 20:14:23', '2019-08-02 20:14:23', ' Galaxy A310 2016 Smart Flip Slim View Electroplating Mirror Hard Case ', '\nMaterial: PU+PC\nperfectly fit \nFeature: view window flip case\nluxury mirror window design phone cases\nfull protective screen cover\nhave screen touch function\nscand code then have sleep awake function smart case\npu leather+hard pc clear back cover\n\nwithout screen touch function, need to scan code, then can have sleep&amp;awake function!\n\nReady colors :\n- GOLD\n- SILVER\n- Black \n- Pink \n\nPacking + FREE BUBBLE WRAP\n\nCARA PEMESANAN : MASUKAN 3 WARNA YG DIINGINKAN ,TANPA KETERANGAN WARNA DIKIRIM RANDOM (NO complain).\nAPABILA WARNA YANG DIMINTA KEHABISAN DIKIRIM STOCK YANG ADA.\nKECUALI ADA NOTE : WARNA KOSONG = CANCEL\n\nBarang tidak garansi , bila terjadi rusak/penyok kami tidak bertanggung jawab karena sudah di cek terlebih dahulu sebelum dikirim, tetapi bila menggunakan ( ASURANSI ) mohon dibuka langsung di depan petugas kurir jasa pengiriman serta menggunakan asuransi segera kembalikan barang tersebut ke kurir\nFast Response WA : 08980085967', '130.00', '57000', 'TP85839241', 'TP85839241-1.jpg'),
(3812, '2019-08-02 20:14:23', '2019-08-02 20:14:23', ' GALAXY A5 2016 A510 3D Cute Cartoon Sulley Case Soft Silicon Case ', '\nReady :\n- sulley \n\nFeatures:\n100% Brand New cases\n1.Made of high-quality silicone.\n2.Protect your cellphone from damage scratches, shocks, accidental drops and collision.\n3.Easy access to control ports, cameras &amp; buttons.\nFast Response WA : 08980085967', '100.00', '57000', 'TP100410610', 'TP100410610-1.jpg'),
(3813, '2019-08-02 20:14:24', '2019-08-02 20:14:24', ' Galaxy A7 2016 A710 Colorful Tempered glass gold ', '\nReady only GOLD\n\nPREMIUM TEMPERED GLASS SCREEN PROTECTOR\nTEMPERED GLASS is made with specially processed tempered glass to protect screen of the device from shocks and scratches. absorbing impact effectively.\n\nProduct Feature\n1.Teempered glass protector is made of chemically processed glass,which has excellent window display.HIGH SENSITIVITY AND COMFORTABLE TOUCH FEELING.\n2.OLEOPHOBIC. AVOID SMUDGES AND REDUCE THE FRINGERPRINTS\n3.SURFACE HARDNESS 9H\n4.SLIM TEMPERED GLASS MADE BY ADVANCED TECHNICAL PROCESS.\n5.A.S.F : ANTI -SHATTERD FILM (HIGH SILICONE COATED)\n6.ADVANCED SILICONE ADHESIVE\n\nINCLUDED\n1.Prefect Tempered Glass Protection Screen\n2Glass bullon\n3.Dust Removal Sticker For Adhesive\n4. Alcohol Swab\n5.Alcohol\n\nPacking + FREE BUBBLE WRAP\n\nbarang tidak ada garansi,bila terjadi kerusakan saat pengiriman kami tidak bertanggung jawab.\nKarena sebelum dikirim sudah melalui Quality control.\nTetapi bila mengunakan ASURANSI mohon langsung dibuka didepan petugas kurir pengiriman,kalo terjadi kerusakan segera kembalikan barang tersebut ke petugas pengiriman.\nFast Response WA : 08980085967', '100.00', '40000', 'TP48639524', 'TP48639524-1.jpg'),
(3814, '2019-08-02 20:14:25', '2019-08-02 20:14:25', ' Galaxy A7 A710 Aluminum Metal Bumper Mirror Plating Hard Back Case ', '\nItem Description\n\n100% Brand New case\nMaterial: Aluminum+PC\nProtects your phone from damages, dusts, fingerprints, scratches and bump\n\nWarna Ready :\n- HITAM\n- ROSE GOLD\n- SILVER\n\n\nPacking + FREE BUBBLE WRAP\n\nCARA PEMESANAN : MASUKAN 3 WARNA YG DIINGINKAN ,TANPA KETERANGAN WARNA DIKIRIM RANDOM (NO complain).\nAPABILA WARNA YANG DIMINTA KEHABISAN DIKIRIM STOCK YANG ADA.\nKECUALI ADA NOTE : WARNA KOSONG = CANCEL\n\nBarang tidak garansi , bila terjadi rusak/penyok kami tidak bertanggung jawab karena sudah di cek terlebih dahulu sebelum dikirim, tetapi bila menggunakan ( ASURANSI ) mohon dibuka langsung di depan petugas kurir jasa pengiriman serta menggunakan asuransi segera kembalikan barang tersebut ke kurir\nFast Response WA : 08980085967', '100.00', '25000', 'TP36000964', 'TP36000964-1.jpg'),
(3815, '2019-08-02 20:14:25', '2019-08-02 20:14:25', ' Galaxy A8 Aluminum Metal Bumper Mirror Plating Hard Back Case ', '\nItem Description\n\n100% Brand New case\nMaterial: Aluminum+PC\nProtects your phone from damages, dusts, fingerprints, scratches and bump\n\nWarna Ready :\n- SILVER\n- ROSE GOLD\n\n\nPacking + FREE BUBBLE WRAP\n\nCARA PEMESANAN : MASUKAN 3 WARNA YG DIINGINKAN ,TANPA KETERANGAN WARNA DIKIRIM RANDOM (NO complain).\nAPABILA WARNA YANG DIMINTA KEHABISAN DIKIRIM STOCK YANG ADA.\nKECUALI ADA NOTE : WARNA KOSONG = CANCEL\n\nBarang tidak garansi , bila terjadi rusak/penyok kami tidak bertanggung jawab karena sudah di cek terlebih dahulu sebelum dikirim, tetapi bila menggunakan ( ASURANSI ) mohon dibuka langsung di depan petugas kurir jasa pengiriman serta menggunakan asuransi segera kembalikan barang tersebut ke kurir\nFast Response WA : 08980085967', '80.00', '25000', 'TP34065088', 'TP34065088-1.jpg'),
(3816, '2019-08-02 20:14:25', '2019-08-02 20:14:25', ' Galaxy A9 PRO Smart Flip Slim View Electroplating Mirror Hard Case ', '\nMaterial: PU+PC\nperfectly fit\nFeature: view window flip case\nluxury mirror window design phone cases\nfull protective screen cover\nhave screen touch function\nscand code then have sleep awake function smart case\npu leather+hard pc clear back cover\n\nwithout screen touch function, need to scan code, then can have sleep&amp;awake function!\n\nReady colors :\n- GOLD\n- PINK\n- BLACK\n- skyblue \n- SILVER\n\n\nPacking + FREE BUBBLE WRAP\n\nCARA PEMESANAN : MASUKAN 3 WARNA YG DIINGINKAN ,TANPA KETERANGAN WARNA DIKIRIM RANDOM (NO complain).\nAPABILA WARNA YANG DIMINTA KEHABISAN DIKIRIM STOCK YANG ADA.\nKECUALI ADA NOTE : WARNA KOSONG = CANCEL\n\nBarang tidak garansi , bila terjadi rusak/penyok kami tidak bertanggung jawab karena sudah di cek terlebih dahulu sebelum dikirim, tetapi bila menggunakan ( ASURANSI ) mohon dibuka langsung di depan petugas kurir jasa pengiriman serta menggunakan asuransi segera kembalikan barang tersebut ke kurir\nFast Response WA : 08980085967', '100.00', '67000', 'TP109053512', 'TP109053512-1.jpg'),
(3817, '2019-08-02 20:14:26', '2019-08-02 20:14:26', ' Galaxy E5 E500 Aluminum Bumper Mirror Hard Back Case ', '\nitem Description\n\n100% Brand New case\nMaterial: Aluminum+PC\nProtects your phone from damages, dusts, fingerprints, scratches and bump\n\nColor:\n- GOLD\n\n\nPacking + FREE BUBBLE WRAP\n\nCARA PEMESANAN : MASUKAN 3 WARNA YG DIINGINKAN ,TANPA KETERANGAN WARNA DIKIRIM RANDOM (NO complain).\nAPABILA WARNA YANG DIMINTA KEHABISAN DIKIRIM STOCK YANG ADA.\nKECUALI ADA NOTE : WARNA KOSONG = CANCEL\n\nBarang tidak garansi , bila terjadi rusak/penyok kami tidak bertanggung jawab karena sudah di cek terlebih dahulu sebelum dikirim, tetapi bila menggunakan ( ASURANSI ) mohon dibuka langsung di depan petugas kurir jasa pengiriman serta menggunakan asuransi segera kembalikan barang tersebut ke kurir\nFast Response WA : 08980085967', '100.00', '25000', 'TP39681981', 'TP39681981-1.jpg'),
(3818, '2019-08-02 20:14:26', '2019-08-02 20:14:26', ' Galaxy E7 Aluminum Bumper Mirror Hard Back Case ', '\nitem Description\n\n100% Brand New case\nMaterial: Aluminum+PC\nProtects your phone from damages, dusts, fingerprints, scratches and bump\n\nColor:\n- BLACK\n- SILVER\n- ROSE GOLD\n\n\nPacking + FREE BUBBLE WRAP\n\nCARA PEMESANAN : MASUKAN 3 WARNA YG DIINGINKAN ,TANPA KETERANGAN WARNA DIKIRIM RANDOM (NO complain).\nAPABILA WARNA YANG DIMINTA KEHABISAN DIKIRIM STOCK YANG ADA.\nKECUALI ADA NOTE : WARNA KOSONG = CANCEL\n\nBarang tidak garansi , bila terjadi rusak/penyok kami tidak bertanggung jawab karena sudah di cek terlebih dahulu sebelum dikirim, tetapi bila menggunakan ( ASURANSI ) mohon dibuka langsung di depan petugas kurir jasa pengiriman serta menggunakan asuransi segera kembalikan barang tersebut ke kurir\nFast Response WA : 08980085967', '100.00', '25000', 'TP39682340', 'TP39682340-1.jpg'),
(3819, '2019-08-02 20:14:27', '2019-08-02 20:14:27', ' GALAXY GRAND 2 G7102 G7106 TEMPERED GLASS 0.26 mm / 2.5D 9H ', '\nTempered Glass 0,26 mm / 2.5D 9H\n\nPREMIUM TEMPERED GLASS SCREEN PROTECTOR\nTEMPERED GLASS is made with specially processed tempered glass to protect screen of the device from shocks and scratches. absorbing impact effectively.\n\nProduct Feature\n1.Teempered glass protector is made of chemically processed glass,which has excellent window display.HIGH SENSITIVITY AND COMFORTABLE TOUCH FEELING.\n2.OLEOPHOBIC. AVOID SMUDGES AND REDUCE THE FRINGERPRINTS\n3.SURFACE HARDNESS 9H\n4.SLIM TEMPERED GLASS MADE BY ADVANCED TECHNICAL PROCESS.\n5.A.S.F : ANTI -SHATTERD FILM (HIGH SILICONE COATED)\n6.ADVANCED SILICONE ADHESIVE\n\nINCLUDED\n1.Prefect Tempered Glass Protection Screen\n bullon\n3.Dust Removal Sticker For Adhesive\n4. Alcohol Swab\n5.Alcohol\n\nBarang tidak garansi , bila terjadi rusak/penyok kami tidak bertanggung jawab karena sudah di cek terlebih dahulu sebelum dikirim, tetapi bila menggunakan ( ASURANSI ) mohon dibuka langsung di depan petugas kurir jasa pengiriman serta menggunakan asuransi segera kembalikan barang tersebut ke kurir\nFast Response WA : 08980085967', '100.00', '25000', 'TP35523793', 'TP35523793-1.jpg'),
(3820, '2019-08-02 20:14:28', '2019-08-02 20:14:28', ' Galaxy Grand Prime G530 / G531 Colorful Tempered glass gold ', '\nReady only GOLD\n\nPREMIUM TEMPERED GLASS SCREEN PROTECTOR\nTEMPERED GLASS is made with specially processed tempered glass to protect screen of the device from shocks and scratches. absorbing impact effectively.\n\nProduct Feature\n1.Teempered glass protector is made of chemically processed glass,which has excellent window display.HIGH SENSITIVITY AND COMFORTABLE TOUCH FEELING.\n2.OLEOPHOBIC. AVOID SMUDGES AND REDUCE THE FRINGERPRINTS\n3.SURFACE HARDNESS 9H\n4.SLIM TEMPERED GLASS MADE BY ADVANCED TECHNICAL PROCESS.\n5.A.S.F : ANTI -SHATTERD FILM (HIGH SILICONE COATED)\n6.ADVANCED SILICONE ADHESIVE\n\nINCLUDED\n1.Prefect Tempered Glass Protection Screen\n2Glass bullon\n3.Dust Removal Sticker For Adhesive\n4. Alcohol Swab\n5.Alcohol\n\nPacking + FREE BUBBLE WRAP \n\nbarang tidak ada garansi,bila terjadi kerusakan saat pengiriman kami tidak bertanggung jawab.\nKarena sebelum dikirim sudah melalui Quality control.\nTetapi bila mengunakan ASURANSI mohon langsung dibuka didepan petugas kurir pengiriman,kalo terjadi kerusakan segera kembalikan barang tersebut ke petugas pengiriman.\nFast Response WA : 08980085967', '100.00', '45000', 'TP48639176', 'TP48639176-1.jpg'),
(3821, '2019-08-02 20:14:29', '2019-08-02 20:14:29', ' Galaxy Grand Prime G530 Silicone 3D Sulley Case Cover ', '\nReady :\n- SULLEY\n\n1. 100% brand new high quality\n2. Soft Silicone Case Cover For Apple iPhone Phone Cases\n3. Protect Surface Against abrasion and Cover Scratch Marks ,Dust , Fingerprints\n4. Easy to install and remove.\nFast Response WA : 08980085967', '100.00', '57000', 'TP88978946', 'TP88978946-1.jpg');

-- --------------------------------------------------------

--
-- Table structure for table `product_images`
--

CREATE TABLE `product_images` (
  `id` int(10) UNSIGNED NOT NULL,
  `created_at` timestamp NULL DEFAULT NULL,
  `updated_at` timestamp NULL DEFAULT NULL,
  `product_id` int(10) UNSIGNED DEFAULT NULL,
  `src` varchar(191) COLLATE utf8mb4_unicode_ci NOT NULL
) ENGINE=InnoDB DEFAULT CHARSET=utf8mb4 COLLATE=utf8mb4_unicode_ci;

--
-- Dumping data for table `product_images`
--

INSERT INTO `product_images` (`id`, `created_at`, `updated_at`, `product_id`, `src`) VALUES
(20, '2019-08-02 20:14:20', '2019-08-02 20:14:20', 3803, 'img/img/TP169849484-1.jpg'),
(21, '2019-08-02 20:14:20', '2019-08-02 20:14:20', 3804, 'img/img/TP43713645-1.jpg'),
(22, '2019-08-02 20:14:21', '2019-08-02 20:14:21', 3805, 'img/img/TP142250063-1.jpg'),
(23, '2019-08-02 20:14:21', '2019-08-02 20:14:21', 3806, 'img/img/TP43713277-1.jpg'),
(24, '2019-08-02 20:14:21', '2019-08-02 20:14:21', 3807, 'img/img/TP40209157-1.jpg'),
(25, '2019-08-02 20:14:22', '2019-08-02 20:14:22', 3808, 'img/img/TP100410286-1.jpg'),
(26, '2019-08-02 20:14:22', '2019-08-02 20:14:22', 3809, 'img/img/TP37964482-1.jpg'),
(27, '2019-08-02 20:14:23', '2019-08-02 20:14:23', 3810, 'img/img/TP35999959-1.jpg'),
(28, '2019-08-02 20:14:23', '2019-08-02 20:14:23', 3811, 'img/img/TP85839241-1.jpg'),
(29, '2019-08-02 20:14:24', '2019-08-02 20:14:24', 3812, 'img/img/TP100410610-1.jpg'),
(30, '2019-08-02 20:14:25', '2019-08-02 20:14:25', 3813, 'img/img/TP48639524-1.jpg'),
(31, '2019-08-02 20:14:25', '2019-08-02 20:14:25', 3814, 'img/img/TP36000964-1.jpg'),
(32, '2019-08-02 20:14:25', '2019-08-02 20:14:25', 3815, 'img/img/TP34065088-1.jpg'),
(33, '2019-08-02 20:14:26', '2019-08-02 20:14:26', 3816, 'img/img/TP109053512-1.jpg'),
(34, '2019-08-02 20:14:26', '2019-08-02 20:14:26', 3817, 'img/img/TP39681981-1.jpg'),
(35, '2019-08-02 20:14:27', '2019-08-02 20:14:27', 3818, 'img/img/TP39682340-1.jpg'),
(36, '2019-08-02 20:14:28', '2019-08-02 20:14:28', 3819, 'img/img/TP35523793-1.jpg'),
(37, '2019-08-02 20:14:29', '2019-08-02 20:14:29', 3820, 'img/img/TP48639176-1.jpg'),
(38, '2019-08-02 20:14:29', '2019-08-02 20:14:29', 3821, 'img/img/TP88978946-1.jpg');

-- --------------------------------------------------------

--
-- Table structure for table `province`
--

CREATE TABLE `province` (
  `id` int(10) UNSIGNED NOT NULL,
  `name` varchar(100) COLLATE utf8mb4_unicode_ci NOT NULL,
  `created_at` timestamp NULL DEFAULT NULL,
  `updated_at` timestamp NULL DEFAULT NULL
) ENGINE=InnoDB DEFAULT CHARSET=utf8mb4 COLLATE=utf8mb4_unicode_ci;

--
-- Dumping data for table `province`
--

INSERT INTO `province` (`id`, `name`, `created_at`, `updated_at`) VALUES
(1, 'Bali', '2019-08-03 01:08:24', '2019-08-03 01:08:24'),
(2, 'Bangka Belitung', '2019-08-03 01:08:24', '2019-08-03 01:08:24'),
(3, 'Banten', '2019-08-03 01:08:24', '2019-08-03 01:08:24'),
(4, 'Bengkulu', '2019-08-03 01:08:24', '2019-08-03 01:08:24'),
(5, 'DI Yogyakarta', '2019-08-03 01:08:24', '2019-08-03 01:08:24'),
(6, 'DKI Jakarta', '2019-08-03 01:08:24', '2019-08-03 01:08:24'),
(7, 'Gorontalo', '2019-08-03 01:08:24', '2019-08-03 01:08:24'),
(8, 'Jambi', '2019-08-03 01:08:24', '2019-08-03 01:08:24'),
(9, 'Jawa Barat', '2019-08-03 01:08:24', '2019-08-03 01:08:24'),
(10, 'Jawa Tengah', '2019-08-03 01:08:24', '2019-08-03 01:08:24'),
(11, 'Jawa Timur', '2019-08-03 01:08:24', '2019-08-03 01:08:24'),
(12, 'Kalimantan Barat', '2019-08-03 01:08:24', '2019-08-03 01:08:24'),
(13, 'Kalimantan Selatan', '2019-08-03 01:08:25', '2019-08-03 01:08:25'),
(14, 'Kalimantan Tengah', '2019-08-03 01:08:25', '2019-08-03 01:08:25'),
(15, 'Kalimantan Timur', '2019-08-03 01:08:25', '2019-08-03 01:08:25'),
(16, 'Kalimantan Utara', '2019-08-03 01:08:25', '2019-08-03 01:08:25'),
(17, 'Kepulauan Riau', '2019-08-03 01:08:25', '2019-08-03 01:08:25'),
(18, 'Lampung', '2019-08-03 01:08:25', '2019-08-03 01:08:25'),
(19, 'Maluku', '2019-08-03 01:08:25', '2019-08-03 01:08:25'),
(20, 'Maluku Utara', '2019-08-03 01:08:25', '2019-08-03 01:08:25'),
(21, 'Nanggroe Aceh Darussalam (NAD)', '2019-08-03 01:08:25', '2019-08-03 01:08:25'),
(22, 'Nusa Tenggara Barat (NTB)', '2019-08-03 01:08:25', '2019-08-03 01:08:25'),
(23, 'Nusa Tenggara Timur (NTT)', '2019-08-03 01:08:25', '2019-08-03 01:08:25'),
(24, 'Papua', '2019-08-03 01:08:25', '2019-08-03 01:08:25'),
(25, 'Papua Barat', '2019-08-03 01:08:25', '2019-08-03 01:08:25'),
(26, 'Riau', '2019-08-03 01:08:25', '2019-08-03 01:08:25'),
(27, 'Sulawesi Barat', '2019-08-03 01:08:25', '2019-08-03 01:08:25'),
(28, 'Sulawesi Selatan', '2019-08-03 01:08:25', '2019-08-03 01:08:25'),
(29, 'Sulawesi Tengah', '2019-08-03 01:08:25', '2019-08-03 01:08:25'),
(30, 'Sulawesi Tenggara', '2019-08-03 01:08:25', '2019-08-03 01:08:25'),
(31, 'Sulawesi Utara', '2019-08-03 01:08:25', '2019-08-03 01:08:25'),
(32, 'Sumatera Barat', '2019-08-03 01:08:26', '2019-08-03 01:08:26'),
(33, 'Sumatera Selatan', '2019-08-03 01:08:26', '2019-08-03 01:08:26'),
(34, 'Sumatera Utara', '2019-08-03 01:08:26', '2019-08-03 01:08:26');

-- --------------------------------------------------------

--
-- Table structure for table `users`
--

CREATE TABLE `users` (
  `id` int(10) UNSIGNED NOT NULL,
  `name` varchar(191) COLLATE utf8mb4_unicode_ci NOT NULL,
  `email` varchar(191) COLLATE utf8mb4_unicode_ci NOT NULL,
  `password` varchar(191) COLLATE utf8mb4_unicode_ci NOT NULL,
  `remember_token` varchar(100) COLLATE utf8mb4_unicode_ci DEFAULT NULL,
  `created_at` timestamp NULL DEFAULT NULL,
  `updated_at` timestamp NULL DEFAULT NULL,
  `role` varchar(191) COLLATE utf8mb4_unicode_ci DEFAULT NULL
) ENGINE=InnoDB DEFAULT CHARSET=utf8mb4 COLLATE=utf8mb4_unicode_ci;

--
-- Dumping data for table `users`
--

INSERT INTO `users` (`id`, `name`, `email`, `password`, `remember_token`, `created_at`, `updated_at`, `role`) VALUES
(3, 'nhinstein', 'nhinstein@gmail.com', '$2y$10$QT7H.IuzFeYm0FIDf292UuBCu3eOjYcXxlnBHwamoresbYgyils/C', NULL, '2019-07-26 19:18:41', '2019-07-26 19:18:41', 'customer'),
(4, 'nana', 'nana@email.com', '$2y$10$Jqr5444Qb1RIuMjjm368l.bRelu9KuYuIPTlSWJbablJqHOxm/rwq', NULL, '2019-08-03 16:40:08', '2019-08-03 16:40:08', 'customer');

--
-- Indexes for dumped tables
--

--
-- Indexes for table `carts`
--
ALTER TABLE `carts`
  ADD PRIMARY KEY (`id`);

--
-- Indexes for table `categories`
--
ALTER TABLE `categories`
  ADD PRIMARY KEY (`id`),
  ADD UNIQUE KEY `categories_name_unique` (`name`),
  ADD UNIQUE KEY `categories_slug_unique` (`slug`);

--
-- Indexes for table `city`
--
ALTER TABLE `city`
  ADD PRIMARY KEY (`id`),
  ADD KEY `city_province_id_foreign` (`province_id`);

--
-- Indexes for table `customer`
--
ALTER TABLE `customer`
  ADD PRIMARY KEY (`id`);

--
-- Indexes for table `migrations`
--
ALTER TABLE `migrations`
  ADD PRIMARY KEY (`id`);

--
-- Indexes for table `orders`
--
ALTER TABLE `orders`
  ADD PRIMARY KEY (`id`),
  ADD KEY `orders_user_id_foreign` (`user_id`);

--
-- Indexes for table `order_product`
--
ALTER TABLE `order_product`
  ADD PRIMARY KEY (`id`),
  ADD KEY `order_product_order_id_foreign` (`order_id`),
  ADD KEY `order_product_product_id_foreign` (`product_id`);

--
-- Indexes for table `password_resets`
--
ALTER TABLE `password_resets`
  ADD KEY `password_resets_email_index` (`email`);

--
-- Indexes for table `products`
--
ALTER TABLE `products`
  ADD PRIMARY KEY (`id`),
  ADD UNIQUE KEY `products_slug_unique` (`slug`);

--
-- Indexes for table `product_images`
--
ALTER TABLE `product_images`
  ADD PRIMARY KEY (`id`),
  ADD KEY `product_images_product_id_index` (`product_id`);

--
-- Indexes for table `province`
--
ALTER TABLE `province`
  ADD PRIMARY KEY (`id`);

--
-- Indexes for table `users`
--
ALTER TABLE `users`
  ADD PRIMARY KEY (`id`),
  ADD UNIQUE KEY `users_email_unique` (`email`);

--
-- AUTO_INCREMENT for dumped tables
--

--
-- AUTO_INCREMENT for table `carts`
--
ALTER TABLE `carts`
  MODIFY `id` int(10) UNSIGNED NOT NULL AUTO_INCREMENT;
--
-- AUTO_INCREMENT for table `categories`
--
ALTER TABLE `categories`
  MODIFY `id` int(10) UNSIGNED NOT NULL AUTO_INCREMENT;
--
-- AUTO_INCREMENT for table `customer`
--
ALTER TABLE `customer`
  MODIFY `id` int(10) UNSIGNED NOT NULL AUTO_INCREMENT;
--
-- AUTO_INCREMENT for table `migrations`
--
ALTER TABLE `migrations`
  MODIFY `id` int(10) UNSIGNED NOT NULL AUTO_INCREMENT, AUTO_INCREMENT=24;
--
-- AUTO_INCREMENT for table `orders`
--
ALTER TABLE `orders`
  MODIFY `id` int(10) UNSIGNED NOT NULL AUTO_INCREMENT, AUTO_INCREMENT=25;
--
-- AUTO_INCREMENT for table `order_product`
--
ALTER TABLE `order_product`
  MODIFY `id` int(10) UNSIGNED NOT NULL AUTO_INCREMENT, AUTO_INCREMENT=25;
--
-- AUTO_INCREMENT for table `products`
--
ALTER TABLE `products`
  MODIFY `id` int(10) UNSIGNED NOT NULL AUTO_INCREMENT, AUTO_INCREMENT=3822;
--
-- AUTO_INCREMENT for table `product_images`
--
ALTER TABLE `product_images`
  MODIFY `id` int(10) UNSIGNED NOT NULL AUTO_INCREMENT, AUTO_INCREMENT=39;
--
-- AUTO_INCREMENT for table `users`
--
ALTER TABLE `users`
  MODIFY `id` int(10) UNSIGNED NOT NULL AUTO_INCREMENT, AUTO_INCREMENT=6;
--
-- Constraints for dumped tables
--

--
-- Constraints for table `city`
--
ALTER TABLE `city`
  ADD CONSTRAINT `city_province_id_foreign` FOREIGN KEY (`province_id`) REFERENCES `province` (`id`);

--
-- Constraints for table `orders`
--
ALTER TABLE `orders`
  ADD CONSTRAINT `orders_user_id_foreign` FOREIGN KEY (`user_id`) REFERENCES `users` (`id`) ON DELETE SET NULL ON UPDATE CASCADE;

--
-- Constraints for table `order_product`
--
ALTER TABLE `order_product`
  ADD CONSTRAINT `order_product_order_id_foreign` FOREIGN KEY (`order_id`) REFERENCES `orders` (`id`) ON DELETE SET NULL ON UPDATE CASCADE,
  ADD CONSTRAINT `order_product_product_id_foreign` FOREIGN KEY (`product_id`) REFERENCES `products` (`id`) ON DELETE SET NULL ON UPDATE CASCADE;

--
-- Constraints for table `product_images`
--
ALTER TABLE `product_images`
  ADD CONSTRAINT `product_images_product_id_foreign` FOREIGN KEY (`product_id`) REFERENCES `products` (`id`) ON DELETE CASCADE;

/*!40101 SET CHARACTER_SET_CLIENT=@OLD_CHARACTER_SET_CLIENT */;
/*!40101 SET CHARACTER_SET_RESULTS=@OLD_CHARACTER_SET_RESULTS */;
/*!40101 SET COLLATION_CONNECTION=@OLD_COLLATION_CONNECTION */;
